{
  "name": "CompositeSampler",
  "svd-circuit": {
    "directions": [
      1,
      2,
      1,
      1,
      0,
      1,
      0,
      1,
      2,
      2,
      1,
      0,
      2,
      2,
      1,
      2,
      2,
      2,
      2,
      0,
      1,
      2,
      2,
      1,
      1,
      0,
      2,
      0,
      1,
      1,
      1,
      2,
      0,
      2,
      2,
      1,
      2,
      1,
      1,
      0,
      2,
      0,
      0,
      0,
      2,
      2,
      2,
      2
    ],
    "parameters": [
      5.305658970563565,
      -0.8542495536022982,
      2.188221708288744,
      6.509630366726568,
      4.737877120982024,
      3.2942650903359216,
      0.8780486628429147,
      3.9088862195831116,
      6.44160173960639,
      5.609012844380144,
      5.904193015021845,
      1.5763522133208083,
      5.647567524490951,
      2.509296381135025,
      -0.449531532241384,
      1.4207120378435183,
      4.104438868445332,
      4.596003043776848,
      1.6367214572880235,
      3.3964346987603653,
      4.849661614584949,
      3.896643457003843,
      4.759147523124114,
      1.505463716159997,
      1.5325372379185165,
      4.517378309878507,
      0.8989047375421029,
      0.07545517216567249,
      4.489452468147946,
      1.5767617992062728,
      5.498335586290111,
      0.5597523527840236,
      1.2885481229019498,
      3.439673354949071,
      1.2767550164216077,
      0.005441205361353008,
      2.795948511750474,
      2.9691794336146797,
      2.4398366080452196,
      1.1552813755456774,
      0.20717178632302452,
      0.6300684550987242,
      0.5643831064909464,
      3.9854949576918557,
      5.293333547021503,
      5.799898207556503,
      4.294546610950087,
      3.2959952404485935
    ],
    "extra": {},
    "n-a": 2,
    "n-b": 3,
    "n-qubit": 6
  },
  "data-circuit": {
    "directions": [
      1,
      1,
      1,
      1,
      1,
      1,
      1,
      1,
      1,
      1,
      1,
      1,
      1,
      1,
      1,
      1,
      1,
      1,
      1,
      1,
      1,
      1,
      1,
      1,
      1,
      1,
      1,
      1,
      1,
      1,
      1,
      1,
      1,
      1,
      1,
      1,
      1,
      1,
      1,
      1,
      1,
      1,
      1,
      1,
      1,
      1,
      1,
      1,
      1,
      1,
      1,
      1,
      1,
      1,
      1,
      1,
      1,
      1,
      1,
      1,
      1,
      1,
      1,
      1,
      1,
      1,
      1,
      1,
      1,
      1,
      1,
      1
    ],
    "data_parameters": [
      3.7622118671353943,
      3.734685217284337,
      2.6158761900285454,
      3.845436047126309,
      3.090220914056263,
      3.1592081777042553,
      1.127291063211147,
      0.9174531358600508,
      3.397544711106068,
      0.2362890686889123,
      4.22507015769698,
      3.3319214446108867,
      2.267463066814375,
      4.886558756297595,
      2.2370818972269393,
      2.9602363768596787,
      4.992320546674534,
      3.2438850447282017,
      3.3078504770019217,
      -0.3422754950083825,
      3.3355518438944802,
      1.8662208238156044,
      1.216788300520973,
      4.206537074635712,
      2.2845965976879365,
      1.9878117960947146,
      2.9983104366221305,
      1.5765027610394722,
      1.7414134181473677,
      4.576800502169036,
      0.10008694104216595,
      5.66041859369362,
      4.621964095866512,
      4.4165854361317045,
      0.8431911955159166,
      3.8448126332467214,
      0.04451954601965713,
      3.572849173146024,
      2.9627373480362795,
      5.991869819706388,
      0.505345209347806,
      3.471904582184241,
      4.082908458512141,
      6.148385767306196,
      2.644218102768864,
      2.103392885842733,
      3.123244719925405,
      5.514992063159155,
      4.270814657437654,
      1.9773398569178195,
      4.2435789293524175,
      3.262612954678191,
      5.022145434956141,
      2.690870099828005,
      0.6065254841006376,
      0.8828189185855757,
      6.3566146911701695,
      0.07807118304729614,
      3.6937694293749557,
      4.803682030728961,
      2.641450541294113,
      5.377475386426939,
      3.256957413359156,
      6.16359203009155,
      5.604895746362974,
      0.10217205350274126,
      4.554583893688717,
      2.414181424763223,
      4.200137731511042,
      5.0239147248900755,
      3.8473700050823267,
      5.146768880091727
    ],
    "n-qubit": 6,
    "extra": {}
  }
}