{
  "name": "CompositeSampler",
  "svd-circuit": {
    "directions": [
      1,
      2,
      1,
      1,
      0,
      1,
      0,
      1,
      2,
      2,
      1,
      0,
      2,
      2,
      1,
      2,
      2,
      2,
      2,
      0,
      1,
      2,
      2,
      1,
      1,
      0,
      2,
      0,
      1,
      1,
      1,
      2,
      0,
      2,
      2,
      1,
      2,
      1,
      1,
      0,
      2,
      0,
      0,
      0,
      2,
      2,
      2,
      2
    ],
    "parameters": [
      5.305658970563565,
      -0.5397829149840614,
      1.780301458870032,
      7.06124072940798,
      4.691001497640352,
      3.4928135948523087,
      0.8780486628429147,
      4.2650725647542265,
      5.52398829144303,
      6.14067556237909,
      6.23053348086008,
      -0.007763424970355221,
      5.647567524490951,
      -0.23722580004649382,
      0.8324092410954279,
      1.9523747558431652,
      6.0625372180997745,
      1.5743773666145127,
      1.6367214572880235,
      5.261637218788175,
      4.560554883700045,
      4.428306175003836,
      4.083258984151619,
      2.4538090142804903,
      1.5325372379185165,
      5.492649318422327,
      1.589320027485921,
      1.8850981329132053,
      4.678735017510775,
      -1.5360932904586784,
      5.498335586290111,
      0.5095326584480796,
      0.3958676577916847,
      3.4396730123777046,
      1.276756110099202,
      4.642792728407904,
      2.795948511750474,
      4.383005206146002,
      3.990514632298831,
      1.1552823405414123,
      0.20717166628079425,
      2.109691741085298,
      0.5643831064909464,
      3.0908141598648053,
      5.293333791003739,
      5.799897384864786,
      4.294546911229524,
      3.2959949832642153
    ],
    "extra": {},
    "n-a": 2,
    "n-b": 3,
    "n-qubit": 6
  },
  "data-circuit": {
    "directions": [
      1,
      1,
      1,
      1,
      1,
      1,
      1,
      1,
      1,
      1,
      1,
      1,
      1,
      1,
      1,
      1,
      1,
      1,
      1,
      1,
      1,
      1,
      1,
      1,
      1,
      1,
      1,
      1,
      1,
      1,
      1,
      1,
      1,
      1,
      1,
      1,
      1,
      1,
      1,
      1,
      1,
      1,
      1,
      1,
      1,
      1,
      1,
      1,
      1,
      1,
      1,
      1,
      1,
      1,
      1,
      1,
      1,
      1,
      1,
      1,
      1,
      1,
      1,
      1,
      1,
      1,
      1,
      1,
      1,
      1,
      1,
      1
    ],
    "data_parameters": [
      6.312948840523432,
      4.12639191865486,
      2.1688174699962683,
      1.6336427194804182,
      2.769793428491286,
      3.213722402201197,
      3.9015138123599358,
      1.9054393322572125,
      3.5024837553005876,
      3.6262423005417603,
      5.875467283060205,
      3.261799653944188,
      1.4680791110712508,
      6.834974861614079,
      2.9711891918055398,
      2.456889608626399,
      5.90594645015002,
      6.960420366316594,
      4.4987497774091345,
      6.704757006598223,
      0.7897347335722744,
      4.274637689976412,
      6.00264943141663,
      4.249533448015271,
      3.0287832207403005,
      0.26177536065809054,
      2.705115368441836,
      4.805795113551888,
      6.106074611630472,
      5.659508602762443,
      2.584098625608154,
      5.9586702366890405,
      1.287336569007504,
      5.250639642647691,
      3.071846108475203,
      0.24748467887336256,
      5.162277860222676,
      2.5612213382876012,
      5.086803398526378,
      5.403444381239136,
      0.29624583849275676,
      2.212271833796001,
      5.335236286996914,
      0.986224890774855,
      2.6919853904483415,
      5.261330473241232,
      0.05887756516228799,
      3.8233913652476175,
      0.2223789516964086,
      6.484293684835733,
      4.444278423712942,
      2.807789803193391,
      0.8220299653988549,
      2.0746526216504444,
      3.7680876299485737,
      7.3540170168512144,
      -0.15089748739172953,
      2.406966430039928,
      5.150900586771313,
      3.8377800017786012,
      4.3874408142542745,
      2.9889197098392493,
      5.520272963235294,
      3.156917120126756,
      1.776689060997304,
      3.4052085299489185,
      4.500563799709157,
      2.1022308376415175,
      3.14897667595291,
      1.8362117712992652,
      0.1391005411340557,
      -0.1804363827999242
    ],
    "n-qubit": 6,
    "extra": {}
  }
}