{
  "name": "CompositeSampler",
  "svd-circuit": {
    "directions": [
      1,
      2,
      1,
      1,
      0,
      1,
      0,
      1,
      2,
      2,
      1,
      0,
      2,
      2,
      1,
      2,
      2,
      2,
      2,
      0,
      1,
      2,
      2,
      1,
      1,
      0,
      2,
      0,
      1,
      1,
      1,
      2,
      0,
      2,
      2,
      1,
      2,
      1,
      1,
      0,
      2,
      0,
      0,
      0,
      2,
      2,
      2,
      2
    ],
    "parameters": [
      5.305658970563565,
      -1.3219954563444174,
      1.3896996679242244,
      6.962177546969587,
      4.621254013913916,
      2.025667228778823,
      0.8780486628429147,
      1.3212169125693638,
      4.184734411943182,
      6.173512105582298,
      6.164370850634892,
      -0.07285775333839256,
      5.647567524490951,
      1.618245266607393,
      0.38155568711566806,
      1.9852112990458217,
      3.9820012531301936,
      4.718791733861627,
      1.6367214572880235,
      3.8919550659501896,
      2.3878306419036077,
      4.461142718205918,
      4.3845426657271185,
      2.2218512308896727,
      1.5325372379185165,
      5.0396478299406375,
      0.905567185871314,
      1.2045783132274703,
      7.771474455153018,
      3.1030737346021335,
      5.498335586290111,
      -0.8009662603003174,
      0.4435637020701893,
      3.439672755201864,
      1.2767550850630571,
      3.1402770680961662,
      2.795948511750474,
      3.5357873264378563,
      1.7313433033367098,
      1.155280418897113,
      0.2071712046161956,
      1.9842225503078703,
      0.5643831064909464,
      4.086121254879938,
      5.2933341079259435,
      5.799898354917961,
      4.294547163666133,
      3.2959955188744745
    ],
    "extra": {},
    "n-a": 2,
    "n-b": 3,
    "n-qubit": 6
  },
  "data-circuit": {
    "directions": [
      1,
      1,
      1,
      1,
      1,
      1,
      1,
      1,
      1,
      1,
      1,
      1,
      1,
      1,
      1,
      1,
      1,
      1,
      1,
      1,
      1,
      1,
      1,
      1,
      1,
      1,
      1,
      1,
      1,
      1,
      1,
      1,
      1,
      1,
      1,
      1,
      1,
      1,
      1,
      1,
      1,
      1,
      1,
      1,
      1,
      1,
      1,
      1,
      1,
      1,
      1,
      1,
      1,
      1,
      1,
      1,
      1,
      1,
      1,
      1,
      1,
      1,
      1,
      1,
      1,
      1,
      1,
      1,
      1,
      1,
      1,
      1,
      1,
      1,
      1,
      1,
      1,
      1
    ],
    "data_parameters": [
      1.218545562238071,
      3.4308098724601948,
      0.8947466104530608,
      2.6777077920830217,
      4.088909946464418,
      0.12387004964567722,
      -0.427770999461259,
      7.532659262706225,
      2.5476608910749032,
      1.1289891237323162,
      6.589986831200194,
      2.799008357493735,
      6.3220644722136985,
      1.952345488880058,
      3.3305591889643686,
      2.0214978825346472,
      4.963726663669787,
      6.226068279126875,
      3.460086656321446,
      4.113356665593186,
      3.9465702737029624,
      -0.5949118356516748,
      4.254151615898256,
      4.0682066836459985,
      1.1502145583073031,
      -0.79186007508876,
      3.8340436183780024,
      2.5384549160749557,
      4.804048488056238,
      4.9381614611356355,
      4.705485749643581,
      4.413405290490298,
      2.402814641763259,
      4.55684976577866,
      2.867931908934994,
      6.181326112243172,
      0.082932814218398,
      1.8052958373328059,
      -0.07418176222074832,
      0.1578056737770348,
      0.06368109579593306,
      0.2081830217076791,
      -5.597834004830021,
      -6.073051088201797,
      -1.4978224977550787,
      -4.502611223095174,
      -3.34510715100043,
      -6.612534378425656,
      -2.449050681651769,
      -0.2753028384855375,
      -6.253731372862227,
      -2.7692774619930765,
      -4.6283309853786045,
      -5.92680100950728,
      -3.2012866090688297,
      -4.392625878968921,
      -4.283752156748957,
      -0.2962518453195224,
      -4.51262048425245,
      -5.253024027995209,
      -5.465154422208544,
      -3.5325174940959263,
      -4.417261397477943,
      -1.3377088051211292,
      -3.6007284218303126,
      -4.687256924143232,
      0.8987648127806452,
      -4.958781475320438,
      -1.7965537305357564,
      -2.2242772569186635,
      -6.002857922094574,
      -3.0447058384314074,
      -0.403206869263319,
      -4.150481773211602,
      -1.7916091563007523,
      -5.103225329348999,
      -3.44854520307469,
      -0.466671535622906
    ],
    "n-qubit": 6,
    "extra": {}
  }
}