{
  "name": "CompositeSampler",
  "svd-circuit": {
    "directions": [
      1,
      2,
      1,
      1,
      0,
      1,
      0,
      1,
      2,
      2,
      1,
      0,
      2,
      2,
      1,
      2,
      2,
      2,
      2,
      0,
      1,
      2,
      2,
      1,
      1,
      0,
      2,
      0,
      1,
      1,
      1,
      2,
      0,
      2,
      2,
      1,
      2,
      1,
      1,
      0,
      2,
      0,
      0,
      0,
      2,
      2,
      2,
      2
    ],
    "parameters": [
      5.305658970563565,
      -2.6190339642796876,
      0.20310880994518812,
      5.644132695247538,
      3.616544140099396,
      4.509910278824678,
      0.8780486628429147,
      2.8913196825925085,
      4.584424932286474,
      5.907548850137438,
      4.932592976913307,
      1.624526032877521,
      5.647567524490951,
      -0.29280792735155825,
      -0.2645942723842506,
      1.719248043601788,
      4.4541912381495194,
      3.2780021229699345,
      1.6367214572880235,
      4.524679554110121,
      3.152303472807939,
      4.195179462762098,
      4.048699745556183,
      3.5937520655486206,
      1.5325372379185165,
      3.9304398854305713,
      1.195682924930845,
      0.9034099670211223,
      5.856174866652054,
      0.4774176527935559,
      5.498335586290111,
      2.323653054392866,
      0.9443374311670195,
      3.439672789656339,
      1.2767550985808462,
      2.3131616374182604,
      2.795948511750474,
      3.7163358882324045,
      2.175260416355941,
      1.1552806755631941,
      0.20717206780827235,
      3.650177235091951,
      0.5643831064909464,
      5.193737225656763,
      5.293333925431098,
      5.799898385717146,
      4.294546671825331,
      3.295995102783483
    ],
    "extra": {},
    "n-a": 2,
    "n-b": 3,
    "n-qubit": 6
  },
  "data-circuit": {
    "directions": [
      1,
      1,
      1,
      1,
      1,
      1,
      1,
      1,
      1,
      1,
      1,
      1,
      1,
      1,
      1,
      1,
      1,
      1,
      1,
      1,
      1,
      1,
      1,
      1,
      1,
      1,
      1,
      1,
      1,
      1,
      1,
      1,
      1,
      1,
      1,
      1,
      1,
      1,
      1,
      1,
      1,
      1,
      1,
      1,
      1,
      1,
      1,
      1,
      1,
      1,
      1,
      1,
      1,
      1,
      1,
      1,
      1,
      1,
      1,
      1,
      1,
      1,
      1,
      1,
      1,
      1,
      1,
      1,
      1,
      1,
      1,
      1
    ],
    "data_parameters": [
      0.9042007803047173,
      5.773436285593086,
      4.896123711308681,
      1.078671706056141,
      2.829565350803241,
      2.6486097162430124,
      4.178086847545921,
      4.491363892124298,
      0.8239904905036836,
      0.12058246197707288,
      5.2931179857539545,
      3.1182228473633784,
      4.576782569919519,
      -0.3085298239942943,
      3.049364058447467,
      4.771185063365108,
      1.0615017009384609,
      6.065488821471285,
      5.7902773125166584,
      0.5170287926359627,
      0.33595764235100584,
      3.279083178332498,
      6.470289726026716,
      2.4800435441958584,
      1.2954525965666228,
      3.0580073556711884,
      0.4514372808989615,
      1.4152668688657237,
      2.987930001826806,
      2.7834254980291866,
      1.4397122028220675,
      1.2673565711042187,
      1.4424904067427113,
      2.828289446271922,
      1.2990268139764256,
      0.047494574451289656,
      5.394283753241796,
      3.1820505618541453,
      4.050572280062091,
      1.4764983947063095,
      6.113058904126114,
      4.983921423043143,
      1.2080209048123438,
      2.1922884485451792,
      4.123172211900448,
      4.2847542776326675,
      5.700844317394119,
      2.5901732834118887,
      5.353173041373466,
      3.9866923728104933,
      2.072890520706218,
      3.764483576346587,
      5.383152087813251,
      5.12741732223388,
      2.9436924018627613,
      3.77266394839173,
      0.5178341144146297,
      1.5657157717245085,
      4.537637812198639,
      2.724806982385469,
      0.9578413024065301,
      3.4230886135323555,
      4.700513169335642,
      3.949242627901391,
      2.000960516428215,
      3.0086802633166063,
      2.9214920769032133,
      4.556682990516921,
      3.1054971013378214,
      2.7068658910608323,
      3.4165792187630983,
      -0.011399985483598881
    ],
    "n-qubit": 6,
    "extra": {}
  }
}