{
  "name": "CompositeSampler",
  "svd-circuit": {
    "directions": [
      1,
      2,
      1,
      1,
      0,
      1,
      0,
      1,
      2,
      2,
      1,
      0,
      2,
      2,
      1,
      2,
      2,
      2,
      2,
      0,
      1,
      2,
      2,
      1,
      1,
      0,
      2,
      0,
      1,
      1,
      1,
      2,
      0,
      2,
      2,
      1,
      2,
      1,
      1,
      0,
      2,
      0,
      0,
      0,
      2,
      2,
      2,
      2
    ],
    "parameters": [
      5.305658970563565,
      3.100051560354194,
      2.7062521407886226,
      5.971416623389356,
      3.1219136923111157,
      5.032278739212699,
      0.8780486628429147,
      5.770456293701644,
      6.198883708483166,
      5.629304068623035,
      5.40519465415066,
      -0.03498309556728261,
      5.647567524490951,
      1.0863797193990326,
      0.7751408184481261,
      1.441003262086711,
      6.271052793995922,
      3.1279849174794068,
      1.6367214572880235,
      6.108486276074376,
      4.642471261374525,
      3.916934681246542,
      3.1196788259289003,
      2.7833170691542675,
      1.5325372379185165,
      5.563843393093245,
      0.24582266456585347,
      2.0387292034911426,
      4.235109593516906,
      2.3006026960232036,
      5.498335586290111,
      -1.8278170594110672,
      1.6305171871411652,
      3.439673033714324,
      1.2767553636700337,
      4.871016157923139,
      2.795948511750474,
      5.204511618074642,
      1.7836730905497724,
      1.155281389573761,
      0.20717187719006766,
      3.1293295857659555,
      0.5643831064909464,
      4.733392685997732,
      5.293333970855696,
      5.799897811001058,
      4.294547110678323,
      3.295994737966352
    ],
    "extra": {},
    "n-a": 2,
    "n-b": 3,
    "n-qubit": 6
  },
  "data-circuit": {
    "directions": [
      1,
      1,
      1,
      1,
      1,
      1,
      1,
      1,
      1,
      1,
      1,
      1,
      1,
      1,
      1,
      1,
      1,
      1,
      1,
      1,
      1,
      1,
      1,
      1,
      1,
      1,
      1,
      1,
      1,
      1,
      1,
      1,
      1,
      1,
      1,
      1,
      1,
      1,
      1,
      1,
      1,
      1,
      1,
      1,
      1,
      1,
      1,
      1,
      1,
      1,
      1,
      1,
      1,
      1,
      1,
      1,
      1,
      1,
      1,
      1,
      1,
      1,
      1,
      1,
      1,
      1,
      1,
      1,
      1,
      1,
      1,
      1
    ],
    "data_parameters": [
      1.7524580960445963,
      0.557457457403708,
      1.6957006994106971,
      4.936498848522406,
      1.6103446891639606,
      4.7340310015422515,
      1.8149430325335902,
      3.1096251893704085,
      4.632917143327801,
      0.4689071134370317,
      4.928591679879668,
      3.8003500175744587,
      1.4919527462700422,
      1.3795541585467739,
      3.3205661885449302,
      5.116988507243851,
      5.511349942958891,
      0.17880506860072556,
      2.160178805188393,
      5.952668121253901,
      1.8498100564530542,
      4.375566413758584,
      4.2831589724283,
      4.645820301492653,
      3.698994104996885,
      0.1864744128735136,
      6.141318260739653,
      4.840366541199919,
      5.045777061565966,
      4.0030186965171595,
      5.478127486599978,
      3.277644467710378,
      0.9045301902581052,
      1.9354341628130398,
      1.3706005249114155,
      5.81268201063388,
      1.2726070311756799,
      -0.10708036476199059,
      5.525020662647046,
      5.186896843586938,
      3.867052046638822,
      3.0306178396482344,
      1.6956531997446052,
      3.3331154690158087,
      4.566002769256421,
      4.93030318870101,
      0.48470982174821375,
      3.3958417135614423,
      -0.3345328712881762,
      6.181864215513325,
      5.432114919636485,
      0.6707630091533617,
      5.976153847276278,
      1.5320642490567296,
      3.891809376835741,
      2.255022660963414,
      0.22957836369994297,
      4.215006593632528,
      4.8783882701361385,
      0.8818784345848827,
      6.072303728068224,
      2.94612481622203,
      -0.21112410098564977,
      0.6608296943978614,
      0.3184870356106858,
      6.121060603606935,
      2.3079380915889756,
      1.0040923972227092,
      0.6200105333496227,
      3.572692351882168,
      1.5884228291462614,
      2.4709434113759134
    ],
    "n-qubit": 6,
    "extra": {}
  }
}