{
  "name": "CompositeSampler",
  "svd-circuit": {
    "directions": [
      1,
      2,
      1,
      1,
      0,
      1,
      0,
      1,
      2,
      2,
      1,
      0,
      2,
      2,
      1,
      2,
      2,
      2,
      2,
      0,
      1,
      2,
      2,
      1,
      1,
      0,
      2,
      0,
      1,
      1,
      1,
      2,
      0,
      2,
      2,
      1,
      2,
      1,
      1,
      0,
      2,
      0,
      0,
      0,
      2,
      2,
      2,
      2
    ],
    "parameters": [
      5.305658970563565,
      -3.007951037745705,
      2.0378867629789554,
      7.825536243824769,
      5.539807164014807,
      3.759948315744327,
      0.8780486628429147,
      3.0397791947092085,
      6.279979259763854,
      6.533198056383248,
      4.07930736608246,
      -0.35566951054511203,
      5.647567524490951,
      1.446029737271839,
      -0.03882342471517535,
      2.344897249846758,
      5.718801753799799,
      2.9535743733405724,
      1.6367214572880235,
      6.204293333967526,
      2.8952129161501907,
      4.820828669007065,
      3.6431919065335534,
      3.2880283872909253,
      1.5325372379185165,
      7.041099855621508,
      1.5076166357623597,
      -0.15825164716143805,
      5.676833048047965,
      -0.5490091572570417,
      5.498335586290111,
      -1.3609775754486453,
      -0.6402501261546188,
      3.4396739108535104,
      1.2767563158471569,
      1.780844722738638,
      2.795948511750474,
      2.923752606781758,
      3.4513459873403654,
      1.1552820268142552,
      0.20717336230292566,
      3.33806680138093,
      0.5643831064909464,
      4.895364073637198,
      5.293334834765507,
      5.799898618236061,
      4.294547555109485,
      3.2959952501736742
    ],
    "extra": {},
    "n-a": 2,
    "n-b": 3,
    "n-qubit": 6
  },
  "data-circuit": {
    "directions": [
      1,
      1,
      1,
      1,
      1,
      1,
      1,
      1,
      1,
      1,
      1,
      1,
      1,
      1,
      1,
      1,
      1,
      1,
      1,
      1,
      1,
      1,
      1,
      1,
      1,
      1,
      1,
      1,
      1,
      1,
      1,
      1,
      1,
      1,
      1,
      1,
      1,
      1,
      1,
      1,
      1,
      1,
      1,
      1,
      1,
      1,
      1,
      1,
      1,
      1,
      1,
      1,
      1,
      1,
      1,
      1,
      1,
      1,
      1,
      1,
      1,
      1,
      1,
      1,
      1,
      1,
      1,
      1,
      1,
      1,
      1,
      1
    ],
    "data_parameters": [
      0.7368633054447602,
      3.931645878031731,
      5.49877799501712,
      0.01316464697983982,
      5.730603163730955,
      3.4480391073013017,
      1.1292359688843894,
      4.358025153292111,
      3.294126841776553,
      2.205606692240173,
      1.3209053991879478,
      2.720296310186033,
      1.4617621415736826,
      3.4076749421044497,
      2.0392675426482887,
      4.978267164597794,
      3.1497765848507107,
      2.777024982343915,
      5.917036032326419,
      5.286355960069787,
      1.2422208013817657,
      3.206044518418386,
      1.6465224845335789,
      3.9536040896080635,
      0.8678902666486613,
      1.4677241251176882,
      3.5148115979915016,
      2.1082915294548443,
      1.4594210369611003,
      6.263513230535808,
      3.188045415503161,
      1.3686806941078486,
      0.4185446181447502,
      3.711696528124669,
      3.7508323632685534,
      5.737142226445876,
      0.42105210704833634,
      2.347248292857282,
      4.889284837552047,
      2.9702533497354002,
      1.2857967260346024,
      5.952331076007356,
      1.9251292150208454,
      4.176845143187283,
      3.1976862275253413,
      1.8811584950043116,
      5.9646053622624855,
      3.457722889290249,
      2.997580776522567,
      4.542441307982663,
      6.376288594565685,
      1.593058060463587,
      5.404395886430115,
      4.884664381805429,
      5.98043451183072,
      3.436191244853239,
      6.394628040984063,
      5.134498064388034,
      4.125300275056845,
      6.3880130015303545,
      -0.12364786442912791,
      2.7874615762388313,
      0.22241743765501426,
      2.881757286307849,
      5.382843166879744,
      5.072787666452082,
      2.816359916948466,
      4.387783055197729,
      2.151060834399073,
      1.9733015076209715,
      4.756146190457643,
      4.945159396673931
    ],
    "n-qubit": 6,
    "extra": {}
  }
}