{
  "name": "CompositeSampler",
  "svd-circuit": {
    "directions": [
      1,
      2,
      1,
      1,
      0,
      1,
      0,
      1,
      2,
      2,
      1,
      0,
      2,
      2,
      1,
      2,
      2,
      2,
      2,
      0,
      1,
      2,
      2,
      1,
      1,
      0,
      2,
      0,
      1,
      1,
      1,
      2,
      0,
      2,
      2,
      1,
      2,
      1,
      1,
      0,
      2,
      0,
      0,
      0,
      2,
      2,
      2,
      2
    ],
    "parameters": [
      5.305658970563565,
      0.08362025145850413,
      0.017862779315807337,
      6.059790669106822,
      1.8318523165240839,
      3.337582243149604,
      0.8780486628429147,
      1.4670168910345036,
      6.163847535914359,
      6.6483202989260475,
      6.332400150769273,
      2.2884052738728213,
      5.647567524490951,
      1.5926399601865544,
      0.21892723616897272,
      2.4600194923883354,
      6.104742015511819,
      3.2289102427834395,
      1.6367214572880235,
      3.8990739993176806,
      2.7474427966940502,
      4.935950911549383,
      3.42327704720995,
      2.8521487737889366,
      1.5325372379185165,
      1.6379651036190734,
      1.2662342396337274,
      1.1930772422567395,
      4.810205831584279,
      1.9643490437099578,
      5.498335586290111,
      -0.21022721218830703,
      0.9378590798155536,
      3.4396725894284113,
      1.2767557273722376,
      3.7103871884089497,
      2.795948511750474,
      4.7563804266425,
      3.674318948968793,
      1.1552826987248492,
      0.20717215114030793,
      3.0703843482252813,
      0.5643831064909464,
      7.103032014487519,
      5.293334145543993,
      5.799897961121997,
      4.2945474170330336,
      3.295995621723896
    ],
    "extra": {},
    "n-a": 2,
    "n-b": 3,
    "n-qubit": 6
  },
  "data-circuit": {
    "directions": [
      1,
      1,
      1,
      1,
      1,
      1,
      1,
      1,
      1,
      1,
      1,
      1,
      1,
      1,
      1,
      1,
      1,
      1,
      1,
      1,
      1,
      1,
      1,
      1,
      1,
      1,
      1,
      1,
      1,
      1,
      1,
      1,
      1,
      1,
      1,
      1,
      1,
      1,
      1,
      1,
      1,
      1,
      1,
      1,
      1,
      1,
      1,
      1,
      1,
      1,
      1,
      1,
      1,
      1,
      1,
      1,
      1,
      1,
      1,
      1,
      1,
      1,
      1,
      1,
      1,
      1,
      1,
      1,
      1,
      1,
      1,
      1,
      1,
      1,
      1,
      1,
      1,
      1
    ],
    "data_parameters": [
      0.6033147937298081,
      6.692297975203404,
      5.60001320347005,
      5.9739165783674295,
      5.646245449228029,
      5.623784557257885,
      0.319717637312477,
      3.6222955455393526,
      2.296485300902352,
      4.267276093348058,
      3.7487345163934727,
      2.3313645239519087,
      3.310106089827942,
      3.8801984252545543,
      5.143679395152811,
      7.10075473716706,
      2.5725604459121802,
      4.6759603174948765,
      6.160948595891592,
      1.7914179490389306,
      0.6731720965868421,
      2.897276556162696,
      5.445941562841187,
      2.735819700318289,
      0.7604492205646787,
      4.106764463458359,
      1.8893011729485965,
      5.796201378698453,
      2.2828794788855085,
      5.1422638419853754,
      1.7564440895061737,
      7.513256498569188,
      0.6706950120851958,
      5.224611589489719,
      3.46018645397451,
      1.6656933088260277,
      0.545101189430915,
      3.327666501042297,
      6.0918020739355265,
      5.525520715211852,
      5.541525049849673,
      2.7165258210567065,
      1.584573283897977,
      3.3344366784621378,
      4.988649447971486,
      2.620622175151259,
      6.28784941033629,
      0.540144566921273,
      1.1578711393871954,
      -0.029553894395601396,
      1.5532142792821282,
      0.45924789394082266,
      1.8220353697707365,
      2.721317767888425,
      6.85665977410147,
      2.7899792351938926,
      4.197637479501227,
      2.4482530538763934,
      0.7393681334516903,
      2.8009970469935115,
      5.7465591801267095,
      1.7892409505541844,
      3.956966211365137,
      0.7670482598590345,
      3.8314293234991093,
      2.448902840920409,
      1.2047590314578642,
      -0.4968644875464153,
      5.7200616110995535,
      3.4699660638896668,
      0.5269848900085271,
      6.786565216066615,
      1.010104595225425,
      0.4625259033682758,
      -0.5762413267808116,
      2.275324777710749,
      4.159485051397853,
      6.274521363075195
    ],
    "n-qubit": 6,
    "extra": {}
  }
}