{
  "name": "CompositeSampler",
  "svd-circuit": {
    "directions": [
      1,
      2,
      1,
      1,
      0,
      1,
      0,
      1,
      2,
      2,
      1,
      0,
      2,
      2,
      1,
      2,
      2,
      2,
      2,
      0,
      1,
      2,
      2,
      1,
      1,
      0,
      2,
      0,
      1,
      1,
      1,
      2,
      0,
      2,
      2,
      1,
      2,
      1,
      1,
      0,
      2,
      0,
      0,
      0,
      2,
      2,
      2,
      2
    ],
    "parameters": [
      5.305658970563565,
      0.6206639900422029,
      3.3631989158982853,
      6.849119077297757,
      3.236683069394653,
      3.6781658229163043,
      0.8780486628429147,
      2.3245874528877284,
      7.130939646937566,
      6.038733529759299,
      4.881025844451056,
      -0.11272381145755206,
      5.647567524490951,
      2.879023464615597,
      -1.2728072012638554,
      0.8737731273085659,
      5.5932584470260185,
      2.62044722484536,
      1.6367214572880235,
      5.8020591045101595,
      5.922747335394143,
      4.407528947704092,
      3.7853018836024064,
      2.9593826609873797,
      1.5325372379185165,
      4.180484456912834,
      0.376281848910988,
      0.7587906179945847,
      5.2264538210236,
      -0.03151116576567625,
      5.498335586290111,
      0.8878917924824739,
      1.956986915157483,
      5.457222948685342,
      1.276754682706272,
      2.7661182466228995,
      2.795948511750474,
      6.676082167391618,
      4.213668716632467,
      1.1552809065141607,
      0.20717251857021998,
      0.11767815913162699,
      0.5643831064909464,
      5.6579366223264325,
      5.293333474525373,
      5.799898826389507,
      4.294546753127494,
      3.2959951331695616
    ],
    "extra": {},
    "n-a": 3,
    "n-b": 2,
    "n-qubit": 6
  },
  "data-circuit": {
    "directions": [
      1,
      1,
      1,
      1,
      1,
      1,
      1,
      1,
      1,
      1,
      1,
      1,
      1,
      1,
      1,
      1,
      1,
      1,
      1,
      1,
      1,
      1,
      1,
      1,
      1,
      1,
      1,
      1,
      1,
      1,
      1,
      1,
      1,
      1,
      1,
      1,
      1,
      1,
      1,
      1,
      1,
      1,
      1,
      1,
      1,
      1,
      1,
      1,
      1,
      1,
      1,
      1,
      1,
      1,
      1,
      1,
      1,
      1,
      1,
      1,
      1,
      1,
      1,
      1,
      1,
      1,
      1,
      1,
      1,
      1,
      1,
      1
    ],
    "data_parameters": [
      0.9042007803047173,
      5.773436285593086,
      4.896123711308681,
      1.078671706056141,
      2.829565350803241,
      2.6486097162430124,
      4.178086847545921,
      4.491363892124298,
      0.8239904905036836,
      0.12058246197707288,
      5.2931179857539545,
      3.1182228473633784,
      4.576782569919519,
      -0.3085298239942943,
      3.049364058447467,
      4.771185063365108,
      1.0615017009384609,
      6.065488821471285,
      5.7902773125166584,
      0.5170287926359627,
      0.33595764235100584,
      3.279083178332498,
      6.470289726026716,
      2.4800435441958584,
      1.2954525965666228,
      3.0580073556711884,
      0.4514372808989615,
      1.4152668688657237,
      2.987930001826806,
      2.7834254980291866,
      1.4397122028220675,
      1.2673565711042187,
      1.4424904067427113,
      2.828289446271922,
      1.2990268139764256,
      0.047494574451289656,
      5.394283753241796,
      3.1820505618541453,
      4.050572280062091,
      1.4764983947063095,
      6.113058904126114,
      4.983921423043143,
      1.2080209048123438,
      2.1922884485451792,
      4.123172211900448,
      4.2847542776326675,
      5.700844317394119,
      2.5901732834118887,
      5.353173041373466,
      3.9866923728104933,
      2.072890520706218,
      3.764483576346587,
      5.383152087813251,
      5.12741732223388,
      2.9436924018627613,
      3.77266394839173,
      0.5178341144146297,
      1.5657157717245085,
      4.537637812198639,
      2.724806982385469,
      0.9578413024065301,
      3.4230886135323555,
      4.700513169335642,
      3.949242627901391,
      2.000960516428215,
      3.0086802633166063,
      2.9214920769032133,
      4.556682990516921,
      3.1054971013378214,
      2.7068658910608323,
      3.4165792187630983,
      -0.011399985483598881
    ],
    "n-qubit": 6,
    "extra": {}
  }
}