{
  "name": "CompositeSampler",
  "svd-circuit": {
    "directions": [
      1,
      2,
      1,
      1,
      0,
      1,
      0,
      1,
      2,
      2,
      1,
      0,
      2,
      2,
      1,
      2,
      2,
      2,
      2,
      0,
      1,
      2,
      2,
      1,
      1,
      0,
      2,
      0,
      1,
      1,
      1,
      2,
      0,
      2,
      2,
      1,
      2,
      1,
      1,
      0,
      2,
      0,
      0,
      0,
      2,
      2,
      2,
      2
    ],
    "parameters": [
      5.305658970563565,
      -0.2082377285538226,
      1.5572803058191345,
      5.9784452757427795,
      3.0481439508530745,
      2.575926578716853,
      0.8780486628429147,
      4.947247040722687,
      5.961275780352145,
      7.311425309156578,
      5.183007381929344,
      0.06964744123061009,
      5.647567524490951,
      3.084157827457388,
      -0.8935828756882418,
      2.896105944675063,
      5.683040093075411,
      3.3919555433362385,
      1.6367214572880235,
      5.77405469954333,
      5.400518099554792,
      3.9348969628401584,
      3.8750835296519694,
      1.8371098971104896,
      1.5325372379185165,
      4.3375825885037305,
      1.6985347366356442,
      0.22880702534021782,
      5.081845489866701,
      0.32042610289820395,
      5.498335586290111,
      -0.330372047067297,
      1.2208263110804578,
      2.168661977537434,
      1.2767541541826677,
      5.485078165384957,
      2.795948511750474,
      3.790612103706516,
      3.8401279767388172,
      1.1552810756171241,
      0.20717134748738944,
      3.1742643590286574,
      0.5643831064909464,
      4.738927948692973,
      5.293333069842432,
      5.799897737983991,
      4.29454686107776,
      3.295995149293839
    ],
    "extra": {},
    "n-a": 3,
    "n-b": 2,
    "n-qubit": 6
  },
  "data-circuit": {
    "directions": [
      1,
      1,
      1,
      1,
      1,
      1,
      1,
      1,
      1,
      1,
      1,
      1,
      1,
      1,
      1,
      1,
      1,
      1,
      1,
      1,
      1,
      1,
      1,
      1,
      1,
      1,
      1,
      1,
      1,
      1,
      1,
      1,
      1,
      1,
      1,
      1,
      1,
      1,
      1,
      1,
      1,
      1,
      1,
      1,
      1,
      1,
      1,
      1,
      1,
      1,
      1,
      1,
      1,
      1,
      1,
      1,
      1,
      1,
      1,
      1,
      1,
      1,
      1,
      1,
      1,
      1,
      1,
      1,
      1,
      1,
      1,
      1
    ],
    "data_parameters": [
      6.312948840523432,
      4.12639191865486,
      2.1688174699962683,
      1.6336427194804182,
      2.769793428491286,
      3.213722402201197,
      3.9015138123599358,
      1.9054393322572125,
      3.5024837553005876,
      3.6262423005417603,
      5.875467283060205,
      3.261799653944188,
      1.4680791110712508,
      6.834974861614079,
      2.9711891918055398,
      2.456889608626399,
      5.90594645015002,
      6.960420366316594,
      4.4987497774091345,
      6.704757006598223,
      0.7897347335722744,
      4.274637689976412,
      6.00264943141663,
      4.249533448015271,
      3.0287832207403005,
      0.26177536065809054,
      2.705115368441836,
      4.805795113551888,
      6.106074611630472,
      5.659508602762443,
      2.584098625608154,
      5.9586702366890405,
      1.287336569007504,
      5.250639642647691,
      3.071846108475203,
      0.24748467887336256,
      5.162277860222676,
      2.5612213382876012,
      5.086803398526378,
      5.403444381239136,
      0.29624583849275676,
      2.212271833796001,
      5.335236286996914,
      0.986224890774855,
      2.6919853904483415,
      5.261330473241232,
      0.05887756516228799,
      3.8233913652476175,
      0.2223789516964086,
      6.484293684835733,
      4.444278423712942,
      2.807789803193391,
      0.8220299653988549,
      2.0746526216504444,
      3.7680876299485737,
      7.3540170168512144,
      -0.15089748739172953,
      2.406966430039928,
      5.150900586771313,
      3.8377800017786012,
      4.3874408142542745,
      2.9889197098392493,
      5.520272963235294,
      3.156917120126756,
      1.776689060997304,
      3.4052085299489185,
      4.500563799709157,
      2.1022308376415175,
      3.14897667595291,
      1.8362117712992652,
      0.1391005411340557,
      -0.1804363827999242
    ],
    "n-qubit": 6,
    "extra": {}
  }
}