{
  "name": "CompositeSampler",
  "svd-circuit": {
    "directions": [
      0,
      1,
      1,
      0,
      0,
      1,
      0,
      1,
      0,
      0,
      0,
      2,
      1,
      1,
      2,
      1,
      2,
      0,
      1,
      0,
      2,
      0,
      2,
      0,
      2,
      2,
      1,
      2,
      1,
      1,
      2,
      0,
      2,
      1,
      1,
      2,
      2,
      1,
      0,
      2,
      1,
      0,
      1,
      2,
      1,
      0,
      0,
      2,
      2,
      2,
      2,
      1,
      2,
      0,
      2,
      0,
      2,
      0,
      1,
      0
    ],
    "parameters": [
      0.8442354444173306,
      1.854524353466058,
      5.079896847273523,
      4.8907081821596705,
      0.10425209976641048,
      4.942965062155652,
      2.7191556824922216,
      4.963321719647109,
      5.849550510103282,
      4.510955366775281,
      4.678432166408844,
      -0.07331538586297484,
      3.401794894179865,
      5.110984564804918,
      4.71047066076257,
      0.8139792768424533,
      6.082730387496983,
      1.977021337155345,
      4.252764800771316,
      6.996562940378675,
      1.9100561663399132,
      4.628179315016211,
      1.3498534914339133,
      5.915711938651725,
      4.669328177846215,
      5.784745939672215,
      4.564178030865953,
      4.450859913703532,
      -1.318544161487337,
      3.5547405741804874,
      5.316815186442071,
      1.7946516045653316,
      2.9301166309936972,
      5.51390324649432,
      4.453799146187626,
      2.6485006227948977,
      4.874731722985192,
      1.965667836031701,
      4.614858065071621,
      6.033259703101602,
      3.380554754218754,
      3.1168494555174324,
      2.94882541494197,
      3.2920000051726475,
      3.2244601329869,
      4.469187006471562,
      2.275196134026305,
      5.375506033968162,
      5.7810735693045245,
      0.33132563724763114,
      2.996070718212739,
      0.20832303756300588,
      5.130241270278274,
      5.986414575153757,
      2.410793063891828,
      1.926392199291146,
      3.258951743910345,
      0.48561462271093536,
      2.2844642376064663,
      3.5540870579346686
    ],
    "extra": {
      "seed": 1
    },
    "n-a": 3,
    "n-b": 2,
    "n-qubit": 6
  },
  "data-circuit": {
    "directions": [
      1,
      1,
      1,
      1,
      1,
      1,
      1,
      1,
      1,
      1,
      1,
      1,
      1,
      1,
      1,
      1,
      1,
      1,
      1,
      1,
      1,
      1,
      1,
      1,
      1,
      1,
      1,
      1,
      1,
      1,
      1,
      1,
      1,
      1,
      1,
      1,
      1,
      1,
      1,
      1,
      1,
      1,
      1,
      1,
      1,
      1,
      1,
      1,
      1,
      1,
      1,
      1,
      1,
      1,
      1,
      1,
      1,
      1,
      1,
      1,
      1,
      1,
      1,
      1,
      1,
      1,
      1,
      1,
      1,
      1,
      1,
      1,
      1,
      1,
      1,
      1,
      1,
      1
    ],
    "data_parameters": [
      0.25944918575214954,
      4.40975418172492,
      3.2057339439446557,
      0.8181984639031983,
      0.5721500629968405,
      5.996421135935617,
      2.65205420174321,
      1.9909447561836424,
      3.7454878442974846,
      5.781027834808622,
      1.8695629802859777,
      6.1569555333759265,
      2.0996069482495394,
      5.8182114042007775,
      4.324925029405987,
      0.33668143464312966,
      5.776650409548278,
      1.264205443173041,
      0.7458217009860947,
      3.1913986210639016,
      5.86680788896544,
      0.13266372068655588,
      5.668278515861991,
      4.519601676951332,
      4.355459131464051,
      2.370317278826285,
      1.8597725386197024,
      1.467275667661375,
      2.6986279948167406,
      1.4129277245244345,
      -0.06101884300626953,
      2.718726709706194,
      -0.20739416648581913,
      4.4668577812562615,
      1.0443186328283327,
      2.007441429544092,
      2.6639059900174398,
      4.9243618675003,
      4.449351367873911,
      5.411946886600258,
      1.8494768630884828,
      4.38343994453534,
      5.888785043582497,
      3.491884831188002,
      6.001243084825388,
      4.263563051275574,
      1.556479596422391,
      1.7459830256917561,
      5.037434738040254,
      0.9096898571757759,
      5.948489798158747,
      6.492261649463485,
      5.016254218879144,
      0.4422311852846295,
      0.9612503336443193,
      5.189826195843484,
      1.4170625326894826,
      2.2965004403302545,
      3.5821455320088575,
      4.235801705503987,
      2.636881453391168,
      2.514893242532294,
      3.762804669319858,
      3.19792744513484,
      4.300729942775176,
      1.881377529632969,
      0.16799488773696641,
      0.5507766179795993,
      1.2469661312424034,
      3.6592945328950477,
      1.8937907664844849,
      1.483366387377455,
      5.234790063116932,
      1.0932557899815563,
      5.402771571596876,
      3.428028041044311,
      3.757029584925093,
      6.117769909733744
    ],
    "n-qubit": 6,
    "extra": {
      "seed": 1
    }
  }
}