{
  "name": "CompositeSampler",
  "svd-circuit": {
    "directions": [
      0,
      1,
      1,
      0,
      0,
      1,
      0,
      1,
      0,
      0,
      0,
      2,
      1,
      1,
      2,
      1,
      2,
      0,
      1,
      0,
      2,
      0,
      2,
      0,
      2,
      2,
      1,
      2,
      1,
      1,
      2,
      0,
      2,
      1,
      1,
      2,
      2,
      1,
      0,
      2,
      1,
      0,
      1,
      2,
      1,
      0,
      0,
      2,
      2,
      2,
      2,
      1,
      2,
      0,
      2,
      0,
      2,
      0,
      1,
      0
    ],
    "parameters": [
      0.8442354444173306,
      2.0148737593916146,
      5.208399147099935,
      5.10979672832312,
      0.03881181022311305,
      4.699683217977183,
      2.7191556824922216,
      3.6366920574383417,
      4.71436799152113,
      4.730043912938984,
      4.859961093916307,
      0.8478229474104925,
      3.401794894179865,
      4.722671348744599,
      3.9811236763964533,
      1.0652654682513918,
      6.902440263039015,
      1.9182829064050189,
      4.252764800771316,
      6.4069909924563095,
      2.7130021698809457,
      6.928779210927377,
      2.169563366975982,
      5.856973507901343,
      4.669328177846215,
      5.414614358848928,
      4.912851304052103,
      3.1323338611581892,
      0.6745058629912489,
      4.673995788637028,
      5.316815186442071,
      1.6925282117546063,
      3.2121076502042625,
      6.172981292003007,
      4.1499851277594795,
      1.7270520599672485,
      4.874731722985192,
      1.239742852384929,
      4.837004015194077,
      5.517058252201462,
      5.813504426944419,
      2.019984936613024,
      2.94882541494197,
      4.124373450442018,
      5.091040211489757,
      2.1580955302750318,
      2.4756130265993184,
      4.0260991893604245,
      5.7810735693045245,
      1.1636990825175406,
      2.843457439967048,
      3.169702211564759,
      4.698950166232637,
      5.153999682639107,
      2.410793063891828,
      2.140326520661251,
      3.258951701353701,
      -0.015599034630466996,
      2.337257258864609,
      2.7216721654202
    ],
    "extra": {
      "seed": 1
    },
    "n-a": 3,
    "n-b": 2,
    "n-qubit": 6
  },
  "data-circuit": {
    "directions": [
      1,
      1,
      1,
      1,
      1,
      1,
      1,
      1,
      1,
      1,
      1,
      1,
      1,
      1,
      1,
      1,
      1,
      1,
      1,
      1,
      1,
      1,
      1,
      1,
      1,
      1,
      1,
      1,
      1,
      1,
      1,
      1,
      1,
      1,
      1,
      1,
      1,
      1,
      1,
      1,
      1,
      1,
      1,
      1,
      1,
      1,
      1,
      1,
      1,
      1,
      1,
      1,
      1,
      1,
      1,
      1,
      1,
      1,
      1,
      1,
      1,
      1,
      1,
      1,
      1,
      1
    ],
    "data_parameters": [
      5.423643557058633,
      1.5318989753481285,
      0.31579947489948906,
      4.177585975373943,
      4.237665577705633,
      2.6735876408129076,
      3.64433676356849,
      1.1114579539192644,
      2.3994843028257273,
      6.625748057957976,
      -0.8336168897948137,
      3.200083714440313,
      3.1493554160707817,
      5.872294808670992,
      3.5967600356783533,
      6.438610122025625,
      1.121846913955353,
      4.249656112483617,
      0.17409826999188527,
      2.502669200297249,
      3.4861871883452658,
      4.113153758949954,
      -0.34841970956270635,
      0.7886326655367284,
      3.3327167328980187,
      2.528653884327493,
      3.207935341828839,
      2.8836148584017214,
      -0.351317012386715,
      3.965335130977336,
      3.7202916359127074,
      1.550053978207778,
      0.7835521475715528,
      3.8125550467993357,
      5.558127477412382,
      4.121696988177159,
      5.785943192675539,
      5.087199575961647,
      0.2830284399150495,
      3.1089734760239,
      0.6786824393436768,
      2.523643945271794,
      2.9159516909547496,
      2.4600488010042807,
      6.9315685792166715,
      -0.34838431278327286,
      0.5694951606947181,
      5.957363308679076,
      0.18093109755411946,
      0.3747249329816949,
      6.515912155388453,
      5.054248437292116,
      4.876257504103379,
      2.7654586549935334,
      0.2535065961712398,
      4.725015529694495,
      2.1505895608392325,
      3.5497176020926076,
      -0.4734193598722632,
      0.4180742770989543,
      0.1788782467769874,
      5.975303886388354,
      0.43970949139754373,
      2.7933416247240284,
      1.1999874438638598,
      3.1660606370476305
    ],
    "n-qubit": 6,
    "extra": {
      "seed": 1
    }
  }
}