{
  "name": "CompositeSampler",
  "svd-circuit": {
    "directions": [
      2,
      2,
      2,
      0,
      1,
      0,
      2,
      2,
      2,
      0,
      2,
      0,
      0,
      2,
      0,
      1,
      2,
      1,
      1,
      2,
      0,
      0,
      1,
      2,
      2,
      1,
      1,
      2,
      2,
      1,
      0,
      2,
      0,
      1,
      2,
      2,
      2,
      2,
      0,
      2,
      0,
      0,
      0,
      1,
      0,
      2,
      1,
      1,
      1,
      0,
      0,
      2,
      0,
      1,
      0,
      1,
      0,
      1,
      2,
      2,
      0,
      2,
      2,
      0,
      1,
      2,
      1,
      1,
      1,
      2,
      0,
      2
    ],
    "parameters": [
      1.495175848572241,
      0.878889679531117,
      3.355747607012966,
      -0.20551957732205517,
      5.159495964730198,
      1.192671518921073,
      1.2047637369615805,
      3.014171844415534,
      2.5027361051712993,
      4.792711917921011,
      3.461051434599085,
      2.0131468621457644,
      4.218602717113993,
      1.0609584429273669,
      -0.027484541991402472,
      4.659819364218231,
      2.4424744022406397,
      5.86446980257933,
      4.487007878849653,
      2.5410473403389897,
      2.8236643677360584,
      5.388741303057986,
      0.6260606049845124,
      0.8239325709237526,
      2.740485831945486,
      4.474482257442773,
      0.8289193116997916,
      3.3059469965280437,
      3.41452157972247,
      2.0963050484399592,
      4.285020140663764,
      5.280331875880883,
      4.5465339767185995,
      4.825666338264371,
      5.799360105815444,
      3.703438644019255,
      4.118698259477635,
      5.12455514886422,
      2.163761970014355,
      -1.5921081095582315,
      5.357698392692471,
      0.9721832151133166,
      2.5790077227378987,
      -2.2654410318727125,
      5.20216040630588,
      0.8202429925150454,
      5.22646718322593,
      4.97163203757366,
      3.461101680733974,
      3.59710629596426,
      0.5922860731992499,
      -0.4510052877192937,
      0.28974749817405426,
      6.047280871583722,
      3.835678057544594,
      5.819196434470518,
      1.759606563150372,
      4.315463398313942,
      0.8227879809155987,
      1.4416356811788658,
      4.2786659568539305,
      2.0138768334059134,
      0.9706994786936722,
      4.813094993864065,
      6.787330024460506,
      6.45755244566019,
      1.903762031288652,
      -0.8050710566293647,
      6.079033315488552,
      0.1259960847855786,
      3.8082453858909537,
      0.37749697623002404
    ],
    "extra": {
      "seed": 3
    },
    "n-a": 3,
    "n-b": 2,
    "n-qubit": 6
  },
  "data-circuit": {
    "directions": [
      1,
      1,
      1,
      1,
      1,
      1,
      1,
      1,
      1,
      1,
      1,
      1,
      1,
      1,
      1,
      1,
      1,
      1,
      1,
      1,
      1,
      1,
      1,
      1,
      1,
      1,
      1,
      1,
      1,
      1,
      1,
      1,
      1,
      1,
      1,
      1,
      1,
      1,
      1,
      1,
      1,
      1,
      1,
      1,
      1,
      1,
      1,
      1,
      1,
      1,
      1,
      1,
      1,
      1,
      1,
      1,
      1,
      1,
      1,
      1,
      1,
      1,
      1,
      1,
      1,
      1,
      1,
      1,
      1,
      1,
      1,
      1
    ],
    "data_parameters": [
      6.209002533228013,
      4.215209151292296,
      2.1775316237721225,
      1.6094674443742965,
      2.8975216556847685,
      3.230867491176223,
      4.0173758018752785,
      1.9902710005098194,
      3.4794384242181895,
      3.492097510539951,
      5.881005355170609,
      3.3808882097576967,
      1.4876791048182436,
      6.816648329113685,
      3.0225458515965378,
      2.4738048045901335,
      5.8363817923187415,
      6.867043511383304,
      4.416508624061021,
      6.604330242360967,
      0.7552814549144762,
      4.3387681615574305,
      5.963358825710137,
      4.213071705459383,
      3.0434261560128775,
      0.28667994510889133,
      2.6850726046960784,
      4.66362535687451,
      6.244006338440355,
      5.61606837468145,
      2.6273166365146623,
      5.8878756690039,
      1.2438969662061206,
      5.239652512202519,
      3.000160085134219,
      0.22189966961583718,
      5.104321805892744,
      2.4637373121067636,
      5.067541419725849,
      5.501501711537785,
      0.24955214566861386,
      2.1985095504184007,
      5.186906818798777,
      1.0488941421489528,
      2.5729905277629137,
      5.35694985577359,
      0.01191814613399385,
      3.633329714460201,
      0.15605894124668604,
      6.41412330062603,
      4.6565161081200515,
      2.820330538257073,
      0.9762371015065042,
      2.1634728768486475,
      3.7361275862863126,
      7.392502089924912,
      -0.21369636962560204,
      2.42993778094361,
      5.010413091009673,
      3.733591882131261,
      4.572727226721241,
      3.0047226443188566,
      5.4303819494561605,
      3.1876755821145433,
      1.67445169373051,
      3.4762488246007868,
      4.560881643822981,
      1.9941034257602563,
      3.0820616293684684,
      1.9278436935474779,
      0.21054261329259366,
      -0.217858846862142
    ],
    "n-qubit": 6,
    "extra": {
      "seed": 3
    }
  }
}