{
  "name": "CompositeSampler",
  "svd-circuit": {
    "directions": [
      2,
      2,
      2,
      0,
      1,
      0,
      2,
      2,
      2,
      0,
      2,
      0,
      0,
      2,
      0,
      1,
      2,
      1,
      1,
      2,
      0,
      0,
      1,
      2,
      2,
      1,
      1,
      2,
      2,
      1,
      0,
      2,
      0,
      1,
      2,
      2,
      2,
      2,
      0,
      2,
      0,
      0,
      0,
      1,
      0,
      2,
      1,
      1,
      1,
      0,
      0,
      2,
      0,
      1,
      0,
      1,
      0,
      1,
      2,
      2,
      0,
      2,
      2,
      0,
      1,
      2,
      1,
      1,
      1,
      2,
      0,
      2
    ],
    "parameters": [
      1.495175848572241,
      0.952760476557693,
      3.0856017627587917,
      -0.2743174614315103,
      4.6624881630067785,
      0.335530519084807,
      1.2047637369615805,
      3.0880426414416977,
      3.139042486432537,
      4.723914033811452,
      4.316146428731642,
      1.1560058623094447,
      4.218602717113993,
      1.1348292399534101,
      -0.12915998981149648,
      4.674083737157938,
      3.2975693963733224,
      5.077902853255365,
      4.487007878849653,
      2.614918137365379,
      3.805220676995242,
      4.801423410357921,
      -0.34273746438940567,
      -1.4658123836937613,
      2.740485831945486,
      4.770195018009883,
      3.4673605304331274,
      3.252950019371328,
      2.8481803254807283,
      1.4735513801143159,
      4.285020140663764,
      5.524356025533982,
      4.6167868754627905,
      4.61336515299412,
      5.233018851573659,
      2.3911357361244785,
      4.118698259477635,
      5.368579298517158,
      1.2512128234088111,
      1.4736904591567601,
      4.452603327759209,
      -0.012235916741157713,
      2.5790077227378987,
      -0.7939514258907041,
      4.425706178404485,
      -0.6230603009302706,
      2.9941810605001358,
      3.599343805463176,
      3.461101680733974,
      2.506572577913884,
      2.394899751612001,
      -0.47272558482616117,
      0.2036657337081874,
      7.042670699148455,
      3.835678057544594,
      3.551505066236394,
      1.2920116996134678,
      7.637371123127719,
      1.6677699326603574,
      1.515312248759368,
      4.2786659568539305,
      3.06704664203823,
      1.5330377421635408,
      5.521141955999158,
      5.211180827599155,
      5.626491439164713,
      1.903762031288652,
      -1.4285931180912579,
      6.069428857912764,
      0.12599614411393642,
      2.738299747090127,
      0.3774970601801598
    ],
    "extra": {
      "seed": 3
    },
    "n-a": 3,
    "n-b": 2,
    "n-qubit": 6
  },
  "data-circuit": {
    "directions": [
      1,
      1,
      1,
      1,
      1,
      1,
      1,
      1,
      1,
      1,
      1,
      1,
      1,
      1,
      1,
      1,
      1,
      1,
      1,
      1,
      1,
      1,
      1,
      1,
      1,
      1,
      1,
      1,
      1,
      1,
      1,
      1,
      1,
      1,
      1,
      1,
      1,
      1,
      1,
      1,
      1,
      1,
      1,
      1,
      1,
      1,
      1,
      1,
      1,
      1,
      1,
      1,
      1,
      1,
      1,
      1,
      1,
      1,
      1,
      1,
      1,
      1,
      1,
      1,
      1,
      1,
      1,
      1,
      1,
      1,
      1,
      1,
      1,
      1,
      1,
      1,
      1,
      1
    ],
    "data_parameters": [
      0.2036922848744904,
      4.428053713712652,
      3.022182038805371,
      0.8132492572264125,
      0.4404355452891402,
      6.152163374984358,
      2.891287277148629,
      1.816297590444487,
      3.763276704659536,
      5.857285917139685,
      1.8620142467384706,
      6.114773010330921,
      2.0508933096092545,
      5.935780241558021,
      4.305966891325149,
      0.3579066415242442,
      5.6977871318401645,
      1.297900937530184,
      0.8458491314705572,
      3.1788383564116494,
      5.97499283125945,
      -0.21036243622686626,
      5.584384565509521,
      4.555639518535331,
      4.522960471737345,
      2.2658295644775026,
      2.0400084992898493,
      1.4881422357130467,
      2.8411040903173252,
      1.3735958411111642,
      0.011548427027009547,
      2.727400825693328,
      0.11581697604949208,
      4.31051854102633,
      0.939676944020816,
      1.7521604038377272,
      2.614592622008597,
      4.9635799576130095,
      4.577987066449904,
      5.333751419427,
      1.6941829774383825,
      4.438418591367276,
      5.58599820424672,
      3.356655860099062,
      6.176143375004781,
      4.358940357385082,
      1.6117126526275458,
      1.767212244119487,
      5.186028942580761,
      1.1991340298793434,
      5.917773023394655,
      6.4335115033284405,
      5.0507402582080365,
      0.6713974106616566,
      0.9990840063903591,
      5.075551259887088,
      1.355098780598104,
      2.2394477330044595,
      3.5847107399182243,
      4.471554231558681,
      2.511649690969684,
      2.5535277120994446,
      3.691664461828861,
      3.0729720114391412,
      4.405488079153547,
      1.8719737416793802,
      -0.027189950163679217,
      0.25563484178964835,
      1.2257818473564988,
      3.704978685789993,
      2.0900895165732307,
      1.6235553874411386,
      5.338501017267389,
      1.1198253928912603,
      5.171490493194575,
      3.2734355435405926,
      3.859107808401661,
      6.05435108955181
    ],
    "n-qubit": 6,
    "extra": {
      "seed": 3
    }
  }
}