{
  "name": "CompositeSampler",
  "svd-circuit": {
    "directions": [
      2,
      2,
      2,
      0,
      1,
      0,
      2,
      2,
      2,
      0,
      2,
      0,
      0,
      2,
      0,
      1,
      2,
      1,
      1,
      2,
      0,
      0,
      1,
      2,
      2,
      1,
      1,
      2,
      2,
      1,
      0,
      2,
      0,
      1,
      2,
      2,
      2,
      2,
      0,
      2,
      0,
      0,
      0,
      1,
      0,
      2,
      1,
      1,
      1,
      0,
      0,
      2,
      0,
      1,
      0,
      1,
      0,
      1,
      2,
      2,
      0,
      2,
      2,
      0,
      1,
      2,
      1,
      1,
      1,
      2,
      0,
      2
    ],
    "parameters": [
      1.495175848572241,
      0.9758860687846143,
      3.0779517235280656,
      -0.12688672957546365,
      6.046403466318691,
      1.1757419483943954,
      1.2047637369615805,
      3.1111682336685713,
      3.1123321541324334,
      4.871344765667727,
      3.935968507708665,
      1.9962172916190015,
      4.218602717113993,
      1.1579548321804767,
      -0.10918646623035477,
      4.759988953894995,
      2.917391475350546,
      5.7942034654559675,
      4.487007878849653,
      2.638043729592118,
      4.129161085681639,
      6.734220605710827,
      -0.29177267289990855,
      1.4872701332530363,
      2.740485831945486,
      4.617985135536437,
      3.5023790326641047,
      2.974694138628629,
      4.032867147297304,
      0.5809380462185627,
      4.285020140663764,
      5.501932520729129,
      4.864617223611631,
      4.708228511370015,
      6.4177056733902935,
      3.5252961277562873,
      4.118698259477635,
      5.346155793712264,
      1.8692550421367022,
      -0.5111210324456208,
      7.386132448528926,
      1.8567667973170465,
      2.5790077227378987,
      0.7154810230557797,
      4.404592687888227,
      -0.7581340842420742,
      3.745951750672598,
      5.217528790046361,
      3.461101680733974,
      3.361490996800655,
      3.0649107139219502,
      -0.36981743953553914,
      -0.6065638286864059,
      5.5321685790352175,
      3.835678057544594,
      5.394883321569115,
      2.1844213715054,
      4.444767703606641,
      2.749510287041706,
      1.4420136316222705,
      4.2786659568539305,
      2.895974281292092,
      1.5768018370998196,
      4.68024140861663,
      4.7862739753745664,
      5.832666281300754,
      1.903762031288652,
      -1.5002439964284728,
      5.924224479195371,
      0.1259958634135847,
      4.308261262291447,
      0.3774969311963357
    ],
    "extra": {
      "seed": 3
    },
    "n-a": 3,
    "n-b": 2,
    "n-qubit": 6
  },
  "data-circuit": {
    "directions": [
      1,
      1,
      1,
      1,
      1,
      1,
      1,
      1,
      1,
      1,
      1,
      1,
      1,
      1,
      1,
      1,
      1,
      1,
      1,
      1,
      1,
      1,
      1,
      1,
      1,
      1,
      1,
      1,
      1,
      1,
      1,
      1,
      1,
      1,
      1,
      1,
      1,
      1,
      1,
      1,
      1,
      1,
      1,
      1,
      1,
      1,
      1,
      1,
      1,
      1,
      1,
      1,
      1,
      1,
      1,
      1,
      1,
      1,
      1,
      1,
      1,
      1,
      1,
      1,
      1,
      1,
      1,
      1,
      1,
      1,
      1,
      1
    ],
    "data_parameters": [
      0.7954902936415567,
      3.972334309099165,
      5.524912480955226,
      -0.016911499047623776,
      5.785324882554309,
      3.4881739082518917,
      0.9836421096772587,
      4.369859376204888,
      3.2214941101638472,
      2.114880806687552,
      1.360193650146822,
      2.6961624053919517,
      1.4505586530830603,
      3.4002324042684604,
      2.022452528531786,
      4.977789844380486,
      3.2338278995109926,
      2.7034746771517075,
      5.856547278101333,
      5.286098361510447,
      1.2335253681432483,
      3.2683937395017164,
      1.5897189627798627,
      4.048918412403561,
      0.8359384753304159,
      1.4613014493132288,
      3.482265484805172,
      2.1670436035612664,
      1.4248005218273898,
      6.280260143576611,
      3.208836101033133,
      1.3259218971650089,
      0.36865577434508096,
      3.647264256034967,
      3.8631912674686086,
      5.778365207132982,
      0.4522231543226442,
      2.425230549283535,
      4.754670717039194,
      2.9228585445673336,
      1.1736537820877293,
      6.053749539251715,
      1.930791181932429,
      4.120639767586439,
      3.257430673118231,
      1.9219440798650431,
      5.933155101282035,
      3.4614288450627524,
      2.969693796164503,
      4.484336029418393,
      6.359174057443671,
      1.5041707388918582,
      5.330368487633902,
      4.86942006297023,
      5.943971457104752,
      3.409666584609636,
      6.454834228166294,
      5.142783523799128,
      4.25834922778648,
      6.478327123811545,
      -0.09642019546754373,
      2.8470397930263,
      0.3105395071191146,
      2.9029688903166004,
      5.378946932390667,
      4.945418828071324,
      2.647114928902059,
      4.439516725829451,
      2.2149156480547982,
      1.920081116579076,
      4.752320445492038,
      4.903160519750543
    ],
    "n-qubit": 6,
    "extra": {
      "seed": 3
    }
  }
}