{
  "name": "CompositeSampler",
  "svd-circuit": {
    "directions": [
      2,
      2,
      2,
      0,
      1,
      0,
      2,
      2,
      2,
      0,
      2,
      0,
      0,
      2,
      0,
      1,
      2,
      1,
      1,
      2,
      0,
      0,
      1,
      2,
      2,
      1,
      1,
      2,
      2,
      1,
      0,
      2,
      0,
      1,
      2,
      2,
      2,
      2,
      0,
      2,
      0,
      0,
      0,
      1,
      0,
      2,
      1,
      1,
      1,
      0,
      0,
      2,
      0,
      1,
      0,
      1,
      0,
      1,
      2,
      2,
      0,
      2,
      2,
      0,
      1,
      2,
      1,
      1,
      1,
      2,
      0,
      2
    ],
    "parameters": [
      1.495175848572241,
      0.012889457454086789,
      2.662213795228411,
      -0.2753017209761213,
      5.718116815150834,
      1.6652417234266947,
      1.2047637369615805,
      2.1481716223388676,
      2.773497139144364,
      4.722929774266827,
      3.5926433055622553,
      2.485717066651244,
      4.218602717113993,
      0.19495822085076345,
      -0.7615760846598755,
      4.87536366277322,
      2.5740662732033335,
      6.310597648567781,
      4.487007878849653,
      1.6750471182622668,
      2.8422670733665107,
      6.0584344366121785,
      -0.8910050013342716,
      0.5888924155657437,
      2.740485831945486,
      4.932322669154928,
      2.791346853495736,
      2.9461402757772577,
      3.356954644339096,
      0.7841509907675808,
      4.285020140663764,
      6.297656973678271,
      3.859461768839986,
      4.59186028385608,
      5.741793170431974,
      4.5153275971085645,
      4.118698259477635,
      6.141880246661373,
      -0.165115753880719,
      -0.8801027443470077,
      6.025992567374659,
      2.0753288759433124,
      2.5790077227378987,
      -1.15534539492472,
      4.139197214415358,
      0.9825732198955436,
      5.849268688564582,
      4.23355838663998,
      3.461101680733974,
      3.7297108521154247,
      1.5809653817148888,
      1.0021567981267225,
      -0.11541520740032567,
      5.583063578425646,
      3.835678057544594,
      3.469752413851783,
      0.5004471070539006,
      5.384218076983255,
      1.9414411979719421,
      2.4219530687541653,
      4.2786659568539305,
      2.887522261411713,
      1.5332650405077193,
      3.9908728687510497,
      5.206389373846182,
      6.139694163993778,
      1.903762031288652,
      1.0800854432619316,
      6.304622826140319,
      0.12599599474433001,
      1.4094908640595007,
      0.37749688709726126
    ],
    "extra": {
      "seed": 3
    },
    "n-a": 3,
    "n-b": 2,
    "n-qubit": 6
  },
  "data-circuit": {
    "directions": [
      1,
      1,
      1,
      1,
      1,
      1,
      1,
      1,
      1,
      1,
      1,
      1,
      1,
      1,
      1,
      1,
      1,
      1,
      1,
      1,
      1,
      1,
      1,
      1,
      1,
      1,
      1,
      1,
      1,
      1,
      1,
      1,
      1,
      1,
      1,
      1,
      1,
      1,
      1,
      1,
      1,
      1,
      1,
      1,
      1,
      1,
      1,
      1,
      1,
      1,
      1,
      1,
      1,
      1,
      1,
      1,
      1,
      1,
      1,
      1,
      1,
      1,
      1,
      1,
      1,
      1,
      1,
      1,
      1,
      1,
      1,
      1
    ],
    "data_parameters": [
      0.7601956204048657,
      5.734197716137477,
      4.944327845355607,
      0.998932987271096,
      2.931218885379164,
      2.757142944992074,
      4.569082783601862,
      4.571454476204591,
      0.8640180906332988,
      0.17055596157934455,
      5.132347468227064,
      3.1920469484191725,
      4.636120374549207,
      -0.26619392374126577,
      3.0170277442976348,
      4.621068724978652,
      1.1263697465519182,
      5.944362667654472,
      5.960057537074245,
      0.6146119128793249,
      0.4905958846486542,
      3.0280169800114347,
      6.260950181293923,
      2.4468763321318567,
      1.1733067094612755,
      3.21553702508567,
      0.4731263902028016,
      1.4363196228788802,
      3.0114661687284277,
      2.876593104523999,
      1.2900537684777564,
      1.2429450951014276,
      1.5666601990707965,
      2.974953265017163,
      1.1797187330667314,
      0.20936862732462724,
      5.2213462307895515,
      3.2439009586775343,
      4.135886779020658,
      1.294697940160985,
      5.991359249182272,
      4.971722093300727,
      1.3836601992885895,
      2.2051070978358984,
      4.326797614076521,
      4.084624787542256,
      5.551355239093997,
      2.478194705801159,
      5.377529521622081,
      3.897851464885748,
      1.9225283386456429,
      3.997912604586725,
      5.39464851679375,
      5.046408958955357,
      2.922874566654635,
      3.733492501343257,
      0.5573333349152609,
      1.5126461655606573,
      4.565185726471215,
      2.836737294126767,
      1.1086948854798933,
      3.4339461583996003,
      4.863062823271115,
      4.062530229427824,
      2.0097940434750043,
      3.03546562802988,
      2.8234436007197563,
      4.693766977918977,
      2.9879894160603317,
      2.510272924492181,
      3.46277198900718,
      0.3386525192975922
    ],
    "n-qubit": 6,
    "extra": {
      "seed": 3
    }
  }
}