{
  "name": "CompositeSampler",
  "svd-circuit": {
    "directions": [
      0,
      1,
      2,
      1,
      0,
      2,
      1,
      2,
      2,
      2,
      2,
      0,
      1,
      1,
      1,
      2,
      0,
      0,
      0,
      2,
      2,
      0,
      1,
      2,
      1,
      1,
      1,
      1,
      1,
      0,
      1,
      1,
      1,
      1,
      2,
      2,
      2,
      1,
      0,
      2,
      1,
      2,
      2,
      2,
      1,
      0,
      1,
      2,
      1,
      0,
      0,
      2,
      2,
      0,
      0,
      0,
      0,
      2,
      0,
      0,
      0,
      0,
      2,
      1,
      0,
      2,
      1,
      0,
      0,
      2,
      2,
      1
    ],
    "parameters": [
      6.0069404902946655,
      -0.7820145847283915,
      5.561795484242089,
      5.787619951553539,
      0.40861628343749806,
      3.3529354031967875,
      4.280396020118044,
      4.054184488864746,
      4.828218417242726,
      4.933788042733131,
      6.071293053694718,
      2.483898831515632,
      5.472861548918653,
      1.2193814921831867,
      5.35556808934656,
      5.003721124476147,
      0.6011179574644298,
      2.282099667063942,
      1.1103643873140343,
      1.214031404277213,
      2.4535498686138437,
      4.491790022014183,
      6.952433466197374,
      5.6806800132982564,
      3.3009701540327847,
      3.689850101670326,
      1.8325459953793366,
      0.3007808949859533,
      4.793242923622955,
      3.417539272470694,
      3.078848274082568,
      3.6242450510799706,
      3.2880401549040723,
      4.4426975603209256,
      1.9024978048534247,
      4.639926188303692,
      2.8685952631486797,
      -0.31418676311855603,
      5.617367525428234,
      5.228556434190177,
      0.3282123841042554,
      2.1584899944603873,
      5.22175325118143,
      3.566265453385531,
      4.568515478542215,
      2.0857397665047914,
      2.573189953280397,
      6.462697529879143,
      5.542206396042146,
      3.385504195062284,
      5.7559864773815494,
      0.8071963346720074,
      -0.7243272890702565,
      0.5888178301535413,
      4.739845144976694,
      5.735452423046368,
      6.101417962265866,
      3.343805738609086,
      3.6927949470875583,
      1.4416998042941782,
      1.567665385906038,
      0.3152337439125643,
      0.5835713179176669,
      5.608948721793307,
      1.6711934473081367,
      3.605672144451119,
      4.344793900710481,
      2.8422347691502785,
      1.3175469314117472,
      0.02636486904464811,
      3.9443088876732264,
      0.7687067563132414
    ],
    "extra": {
      "seed": 2
    },
    "n-a": 3,
    "n-b": 2,
    "n-qubit": 6
  },
  "data-circuit": {
    "directions": [
      1,
      1,
      1,
      1,
      1,
      1,
      1,
      1,
      1,
      1,
      1,
      1,
      1,
      1,
      1,
      1,
      1,
      1,
      1,
      1,
      1,
      1,
      1,
      1,
      1,
      1,
      1,
      1,
      1,
      1,
      1,
      1,
      1,
      1,
      1,
      1,
      1,
      1,
      1,
      1,
      1,
      1,
      1,
      1,
      1,
      1,
      1,
      1,
      1,
      1,
      1,
      1,
      1,
      1,
      1,
      1,
      1,
      1,
      1,
      1,
      1,
      1,
      1,
      1,
      1,
      1,
      1,
      1,
      1,
      1,
      1,
      1
    ],
    "data_parameters": [
      6.209002533228013,
      4.215209151292296,
      2.1775316237721225,
      1.6094674443742965,
      2.8975216556847685,
      3.230867491176223,
      4.0173758018752785,
      1.9902710005098194,
      3.4794384242181895,
      3.492097510539951,
      5.881005355170609,
      3.3808882097576967,
      1.4876791048182436,
      6.816648329113685,
      3.0225458515965378,
      2.4738048045901335,
      5.8363817923187415,
      6.867043511383304,
      4.416508624061021,
      6.604330242360967,
      0.7552814549144762,
      4.3387681615574305,
      5.963358825710137,
      4.213071705459383,
      3.0434261560128775,
      0.28667994510889133,
      2.6850726046960784,
      4.66362535687451,
      6.244006338440355,
      5.61606837468145,
      2.6273166365146623,
      5.8878756690039,
      1.2438969662061206,
      5.239652512202519,
      3.000160085134219,
      0.22189966961583718,
      5.104321805892744,
      2.4637373121067636,
      5.067541419725849,
      5.501501711537785,
      0.24955214566861386,
      2.1985095504184007,
      5.186906818798777,
      1.0488941421489528,
      2.5729905277629137,
      5.35694985577359,
      0.01191814613399385,
      3.633329714460201,
      0.15605894124668604,
      6.41412330062603,
      4.6565161081200515,
      2.820330538257073,
      0.9762371015065042,
      2.1634728768486475,
      3.7361275862863126,
      7.392502089924912,
      -0.21369636962560204,
      2.42993778094361,
      5.010413091009673,
      3.733591882131261,
      4.572727226721241,
      3.0047226443188566,
      5.4303819494561605,
      3.1876755821145433,
      1.67445169373051,
      3.4762488246007868,
      4.560881643822981,
      1.9941034257602563,
      3.0820616293684684,
      1.9278436935474779,
      0.21054261329259366,
      -0.217858846862142
    ],
    "n-qubit": 6,
    "extra": {
      "seed": 2
    }
  }
}