{
  "name": "CompositeSampler",
  "svd-circuit": {
    "directions": [
      2,
      2,
      2,
      0,
      1,
      0,
      2,
      2,
      2,
      0,
      2,
      0,
      0,
      2,
      0,
      1,
      2,
      1,
      1,
      2,
      0,
      0,
      1,
      2,
      2,
      1,
      1,
      2,
      2,
      1,
      0,
      2,
      0,
      1,
      2,
      2,
      2,
      2,
      0,
      2,
      0,
      0,
      0,
      1,
      0,
      2,
      1,
      1,
      1,
      0,
      0,
      2,
      0,
      1,
      0,
      1,
      0,
      1,
      2,
      2,
      0,
      2,
      2,
      0,
      1,
      2,
      1,
      1,
      1,
      2,
      0,
      2
    ],
    "parameters": [
      1.495175848572241,
      0.7796939947680129,
      2.9635140778880538,
      0.4682703577613375,
      4.954987463172372,
      1.5010903805006908,
      1.2047637369615805,
      2.914976159652319,
      3.2630289086922097,
      5.466501853004442,
      4.367607268740236,
      2.3215657237252767,
      4.218602717113993,
      0.9617627581641396,
      0.17331241398983163,
      3.6051262789979384,
      3.3490302363818345,
      5.129866827887108,
      4.487007878849653,
      2.4418516555753884,
      2.9947156873660905,
      5.440386497253262,
      1.3644479458683607,
      0.11532013067783088,
      2.740485831945486,
      6.015520147565995,
      3.5303904380376987,
      4.803206822906648,
      3.628580658482728,
      1.5088564763550079,
      4.285020140663764,
      5.091028382862769,
      3.6468972031329665,
      4.546174585730869,
      6.013419184575755,
      3.564811848594843,
      4.118698259477635,
      4.935251655846102,
      1.6496615723732266,
      -0.9788294936843825,
      5.146455230034432,
      0.6914244815150298,
      2.5790077227378987,
      -0.1616788036077818,
      4.266084813719059,
      0.28604941261816935,
      5.155593296591705,
      4.627091325946502,
      3.461101680733974,
      2.895823024505137,
      1.8754600374647308,
      0.6751035863048014,
      -0.35324369191986965,
      6.748814174391772,
      3.835678057544594,
      4.49953403655108,
      2.7591182139172883,
      6.41657396643033,
      2.1304590931315066,
      1.105707040336824,
      4.2786659568539305,
      5.301584485816932,
      1.774037797424147,
      4.611332751981857,
      4.72271163319108,
      5.798077422568179,
      1.903762031288652,
      0.323424230336249,
      6.00819657478516,
      0.12599602447484426,
      4.116645781957962,
      0.37749687758634703
    ],
    "extra": {
      "seed": 3
    },
    "n-a": 3,
    "n-b": 2,
    "n-qubit": 6
  },
  "data-circuit": {
    "directions": [
      1,
      1,
      1,
      1,
      1,
      1,
      1,
      1,
      1,
      1,
      1,
      1,
      1,
      1,
      1,
      1,
      1,
      1,
      1,
      1,
      1,
      1,
      1,
      1,
      1,
      1,
      1,
      1,
      1,
      1,
      1,
      1,
      1,
      1,
      1,
      1,
      1,
      1,
      1,
      1,
      1,
      1,
      1,
      1,
      1,
      1,
      1,
      1,
      1,
      1,
      1,
      1,
      1,
      1,
      1,
      1,
      1,
      1,
      1,
      1,
      1,
      1,
      1,
      1,
      1,
      1,
      1,
      1,
      1,
      1,
      1,
      1
    ],
    "data_parameters": [
      5.222315192183369,
      4.807399674966656,
      3.2935039557959334,
      1.9665931647073804,
      -0.11328340353376525,
      4.737709198850111,
      3.268317557011134,
      4.71359735408294,
      2.488493390402902,
      5.179016729831612,
      1.9294341343849317,
      4.9876468342401346,
      4.29967655080472,
      3.0551284187280876,
      3.012833957523733,
      4.430938365793827,
      1.5134413269365654,
      3.375593777543351,
      5.579048190623793,
      1.2767234644032392,
      4.723690867648038,
      4.58496335481567,
      5.508520257736334,
      1.9850792019496428,
      0.8560669749796749,
      5.0614750963787145,
      5.457057663638148,
      2.1124999366565915,
      0.9088145893867465,
      1.3036842839964295,
      3.7866184656787945,
      2.164779888224988,
      6.098750898636451,
      3.9656780917101626,
      1.3028390604940183,
      3.6572136881032207,
      2.3835513319458483,
      5.859718730354404,
      6.321431905947714,
      2.737786612509394,
      4.348551070983445,
      4.345538449509927,
      4.830494418641609,
      5.978411010636727,
      0.08810353532834944,
      2.375387654436633,
      4.01934541747273,
      2.125167516706585,
      3.939118750429909,
      0.37136478391044014,
      6.03182769505221,
      3.6166693320349554,
      0.5620920723870375,
      4.180631462614078,
      1.923230934763419,
      1.0953737568569506,
      2.9783541098100046,
      1.1413653356956124,
      1.6885835473810265,
      5.665488500916958,
      4.123146816884842,
      0.07972566201982105,
      4.994874879213269,
      -0.09744124612592531,
      2.242006579490646,
      5.551134269386383,
      4.524036340565054,
      1.831082212758217,
      2.5399062105168544,
      2.373677184531358,
      1.0427001339306166,
      6.499732902076903
    ],
    "n-qubit": 6,
    "extra": {
      "seed": 3
    }
  }
}