{
  "name": "CompositeSampler",
  "svd-circuit": {
    "directions": [
      2,
      2,
      2,
      0,
      1,
      0,
      2,
      2,
      2,
      0,
      2,
      0,
      0,
      2,
      0,
      1,
      2,
      1,
      1,
      2,
      0,
      0,
      1,
      2,
      2,
      1,
      1,
      2,
      2,
      1,
      0,
      2,
      0,
      1,
      2,
      2,
      2,
      2,
      0,
      2,
      0,
      0,
      0,
      1,
      0,
      2,
      1,
      1,
      1,
      0,
      0,
      2,
      0,
      1,
      0,
      1,
      0,
      1,
      2,
      2,
      0,
      2,
      2,
      0,
      1,
      2,
      1,
      1,
      1,
      2,
      0,
      2
    ],
    "parameters": [
      1.495175848572241,
      0.5309056956680556,
      1.4707310333579882,
      0.705636570794155,
      4.511248771254121,
      1.3226678261822062,
      1.2047637369615805,
      2.666187860552563,
      3.0933633660214075,
      5.703868066037191,
      4.153493845772699,
      2.143143169406525,
      4.218602717113993,
      0.712974459064793,
      -0.2941297777344323,
      6.443935155822938,
      3.1349168134143337,
      4.8361090193966385,
      4.487007878849653,
      2.1930633564759834,
      3.2167715019420586,
      4.5618364253038886,
      0.01950939272030336,
      0.5253436341413256,
      2.740485831945486,
      4.27621623177147,
      3.3180128810704224,
      2.3495917760230673,
      3.193918751134442,
      0.20100796966689768,
      4.285020140663764,
      5.541232795978874,
      5.964005528966251,
      3.1143064433192644,
      5.578757277227433,
      3.969321106847119,
      4.118698259477635,
      5.385456068962003,
      1.8822916975048454,
      0.2766983232760816,
      6.103402222743202,
      -0.20470434552228392,
      2.5790077227378987,
      -0.740920414849254,
      3.339445907044776,
      0.6765481333538805,
      2.7904002339396987,
      4.658809472510075,
      3.461101680733974,
      1.1103318358079846,
      2.5515955058436885,
      0.40338563033588687,
      0.7072299537722608,
      7.021042627963845,
      3.835678057544594,
      3.611185798275944,
      0.8178077121847548,
      4.762427892202216,
      2.0227523799122977,
      1.1708576753487832,
      4.2786659568539305,
      3.7253074010505847,
      1.537162765487255,
      5.896521636105628,
      4.985359192098933,
      5.058214293709455,
      1.903762031288652,
      -0.24176478894907508,
      5.617631253125496,
      0.12599599176141255,
      4.674064022694597,
      0.3774969619397715
    ],
    "extra": {
      "seed": 3
    },
    "n-a": 3,
    "n-b": 2,
    "n-qubit": 6
  },
  "data-circuit": {
    "directions": [
      1,
      1,
      1,
      1,
      1,
      1,
      1,
      1,
      1,
      1,
      1,
      1,
      1,
      1,
      1,
      1,
      1,
      1,
      1,
      1,
      1,
      1,
      1,
      1,
      1,
      1,
      1,
      1,
      1,
      1,
      1,
      1,
      1,
      1,
      1,
      1,
      1,
      1,
      1,
      1,
      1,
      1,
      1,
      1,
      1,
      1,
      1,
      1,
      1,
      1,
      1,
      1,
      1,
      1,
      1,
      1,
      1,
      1,
      1,
      1,
      1,
      1,
      1,
      1,
      1,
      1,
      1,
      1,
      1,
      1,
      1,
      1
    ],
    "data_parameters": [
      5.737752855233807,
      3.3371627141133304,
      2.192640085713615,
      1.0946505100490436,
      2.4290951395660976,
      2.9484833880597243,
      3.6582219955538795,
      0.8570137474407068,
      2.0697098756632943,
      4.44988192218547,
      6.6637782345352425,
      3.582126922086339,
      2.2186572934273037,
      6.363062511051395,
      3.3031375857602767,
      2.6965656694138813,
      6.17324924363854,
      8.26605595796581,
      3.3485263756166312,
      6.294439317987538,
      0.2414706416222975,
      4.196417359372646,
      6.220991457668406,
      4.572765080180102,
      2.414687017013897,
      -0.5090322930958661,
      2.73323941533217,
      4.337828251572788,
      5.594849780314644,
      4.116119117787087,
      2.2555620291770513,
      5.4302550263439855,
      1.8681336556422203,
      6.000316592558824,
      2.5966987617112633,
      -0.4152908951967793,
      5.741893126640286,
      3.312422761959126,
      5.047215467904433,
      5.236781247324026,
      -0.29321362925931804,
      2.4250620909983587,
      5.417954099920331,
      0.5578791047394926,
      1.812230256525598,
      4.760675072161335,
      0.2654659582071518,
      4.555826427661288,
      -0.7830592517989535,
      7.758417803600096,
      3.8505473114821362,
      2.9979798908628315,
      0.9450374810413943,
      2.916707013289163,
      4.022104913669949,
      7.619735705368234,
      -0.5004483249737863,
      1.4948204754036902,
      4.85112150260402,
      3.210952838085019,
      4.474057354325372,
      3.907978712247295,
      5.7747229116741385,
      3.038207144043036,
      1.789558775278112,
      3.2101822046485835,
      5.148259383407238,
      3.473126576651437,
      2.728618403811308,
      1.0602365165475014,
      0.44518757754222127,
      -0.44443166231031406
    ],
    "n-qubit": 6,
    "extra": {
      "seed": 3
    }
  }
}