{
  "name": "CompositeSampler",
  "svd-circuit": {
    "directions": [
      2,
      2,
      2,
      0,
      1,
      0,
      2,
      2,
      2,
      0,
      2,
      0,
      0,
      2,
      0,
      1,
      2,
      1,
      1,
      2,
      0,
      0,
      1,
      2,
      2,
      1,
      1,
      2,
      2,
      1,
      0,
      2,
      0,
      1,
      2,
      2,
      2,
      2,
      0,
      2,
      0,
      0,
      0,
      1,
      0,
      2,
      1,
      1,
      1,
      0,
      0,
      2,
      0,
      1,
      0,
      1,
      0,
      1,
      2,
      2,
      0,
      2,
      2,
      0,
      1,
      2,
      1,
      1,
      1,
      2,
      0,
      2
    ],
    "parameters": [
      1.495175848572241,
      0.973232833164401,
      3.1380236459168684,
      -0.15144337484709036,
      5.599791828940637,
      0.9462018645130968,
      1.2047637369615805,
      3.1085149980488493,
      3.129756403092986,
      4.846788120395767,
      3.5344952739377615,
      1.7666772077377444,
      4.218602717113993,
      1.1553015965606437,
      -0.04317624974042399,
      4.673754081796021,
      2.515918241579278,
      5.236683554176554,
      4.487007878849653,
      2.6353904939720394,
      3.4307409362674837,
      6.133369324203487,
      -1.253755861283005,
      2.0777065568854316,
      2.740485831945486,
      5.445587304747308,
      2.7182748466420388,
      3.14754042778352,
      2.9400056111147426,
      -0.5583681598154607,
      4.285020140663764,
      5.581367424910287,
      4.290091815723359,
      4.708581289523629,
      5.324844137207895,
      4.051951983617572,
      4.118698259477635,
      5.425590697893291,
      2.152851021030575,
      1.2091490838354748,
      6.609513917198854,
      3.0502289219122285,
      2.5790077227378987,
      -0.7832499823216267,
      5.0474489554248185,
      1.1023602531803747,
      2.729240938945075,
      5.208562361626346,
      3.461101680733974,
      2.9791315874943756,
      2.1098846690781787,
      1.0153691173449972,
      0.6744530086696864,
      6.054549799811346,
      3.835678057544594,
      3.3348483312847264,
      4.16210015319487,
      4.69047121691173,
      -0.15470272385139666,
      0.9713138672745557,
      4.2786659568539305,
      3.080736790986144,
      1.5654630144241115,
      3.9728462671939124,
      5.912269580672353,
      6.8398837131997,
      1.903762031288652,
      1.0716795414913498,
      6.251785531995739,
      0.12599596451854383,
      3.0806118854264466,
      0.3774969782511916
    ],
    "extra": {
      "seed": 3
    },
    "n-a": 3,
    "n-b": 2,
    "n-qubit": 6
  },
  "data-circuit": {
    "directions": [
      1,
      1,
      1,
      1,
      1,
      1,
      1,
      1,
      1,
      1,
      1,
      1,
      1,
      1,
      1,
      1,
      1,
      1,
      1,
      1,
      1,
      1,
      1,
      1,
      1,
      1,
      1,
      1,
      1,
      1,
      1,
      1,
      1,
      1,
      1,
      1,
      1,
      1,
      1,
      1,
      1,
      1,
      1,
      1,
      1,
      1,
      1,
      1,
      1,
      1,
      1,
      1,
      1,
      1,
      1,
      1,
      1,
      1,
      1,
      1,
      1,
      1,
      1,
      1,
      1,
      1,
      1,
      1,
      1,
      1,
      1,
      1,
      1,
      1,
      1,
      1,
      1,
      1
    ],
    "data_parameters": [
      5.714326111059117,
      0.8453414690877868,
      3.9702484673703387,
      -0.0625331005267689,
      -1.8466435450825724,
      0.8747172574979172,
      3.5846925094494777,
      2.301437787178792,
      3.6786501517820946,
      5.388250803338569,
      4.7304513863845665,
      -0.19477217443387806,
      1.5361161895227582,
      0.6360672891553307,
      3.086615408633486,
      5.954435486178705,
      5.313359720153659,
      2.055994858591342,
      1.1829928383291441,
      3.8172979707100283,
      5.8360406520049395,
      3.8759596834207923,
      1.3520950427419915,
      1.9875275630708942,
      4.03350610087438,
      3.898296002434064,
      5.558376182983636,
      2.4718555035684675,
      2.2650238678213466,
      1.5244614511722394,
      2.6915326842044696,
      0.6847637031594797,
      2.363246628941652,
      1.0671430918590439,
      3.9749400044963967,
      3.0062161335471584,
      4.70669221454725,
      1.9583727827974993,
      2.114735957547103,
      6.1001023345181355,
      3.2301772756934386,
      1.1048087629971568,
      -1.3079202246937789,
      2.240771464585949,
      1.1160628036095346,
      1.4833655603633666,
      3.4412145012975017,
      5.333588095429718,
      7.7708651788066385,
      1.7631539029030534,
      4.658289884020258,
      3.1917956286124416,
      4.269971828512153,
      2.3107525128289166,
      5.4764672416670725,
      6.300576599800236,
      2.1283760365615905,
      5.1903264853216085,
      4.930405675491072,
      2.932585301974386,
      0.24751157128133683,
      5.012071442145472,
      4.071644460450761,
      3.332622433575194,
      0.34074950482927546,
      0.5563688759238462,
      0.5663079326418514,
      2.8164100448651728,
      5.359449709355235,
      5.202479112513789,
      1.6528010534721247,
      2.819463299597658,
      0.8053154420584335,
      0.18969212065755933,
      4.29016645895462,
      3.6489290136652732,
      1.3735889536079022,
      0.4827027902048223
    ],
    "n-qubit": 6,
    "extra": {
      "seed": 3
    }
  }
}