{
  "name": "CompositeSampler",
  "svd-circuit": {
    "directions": [
      2,
      2,
      2,
      0,
      1,
      0,
      2,
      2,
      2,
      0,
      2,
      0,
      0,
      2,
      0,
      1,
      2,
      1,
      1,
      2,
      0,
      0,
      1,
      2,
      2,
      1,
      1,
      2,
      2,
      1,
      0,
      2,
      0,
      1,
      2,
      2,
      2,
      2,
      0,
      2,
      0,
      0,
      0,
      1,
      0,
      2,
      1,
      1,
      1,
      0,
      0,
      2,
      0,
      1,
      0,
      1,
      0,
      1,
      2,
      2,
      0,
      2,
      2,
      0,
      1,
      2,
      1,
      1,
      1,
      2,
      0,
      2
    ],
    "parameters": [
      1.495175848572241,
      0.7882520617197022,
      3.02380459605548,
      0.5465789273940765,
      4.768656611661277,
      1.4358049794922851,
      1.2047637369615805,
      2.923534226604146,
      2.2365210718392774,
      5.544810422637028,
      3.7384989491618947,
      2.2562803227168877,
      4.218602717113993,
      0.9703208251158695,
      -0.09829318579800622,
      4.672818620073817,
      2.719921916803506,
      5.915253176011999,
      4.487007878849653,
      2.4504097225271435,
      3.467450458487366,
      6.23092641439901,
      -0.15497854259051716,
      0.2798973358165971,
      2.740485831945486,
      5.1247406235141515,
      2.7792982535949116,
      4.95713852016727,
      3.3897025389410667,
      2.043691997965327,
      4.285020140663764,
      5.114058713729782,
      4.355997334105001,
      4.470676770036425,
      5.7745410650340725,
      3.724962094913795,
      4.118698259477635,
      4.958281986713089,
      1.15704587584223,
      0.6954459680075393,
      5.528765516571238,
      0.6128190533198647,
      2.5790077227378987,
      -0.7745739470050362,
      4.901732489625782,
      -0.07615201261164772,
      5.381681033203507,
      5.1686949434657015,
      3.461101680733974,
      2.393304722226225,
      1.5778012914240531,
      0.6673647161263844,
      0.29853817912609565,
      5.207967519693875,
      3.835678057544594,
      4.2531838391100685,
      2.4208595323139233,
      6.633964803018799,
      -0.2298909138674562,
      3.0128707797555783,
      4.2786659568539305,
      5.5983126462951605,
      0.4004605229804885,
      4.9730739353720965,
      6.466541866535992,
      5.648328225933024,
      1.903762031288652,
      -0.7765002926027529,
      5.442456497209048,
      0.12599595125263127,
      4.058117702723209,
      0.3774970057504346
    ],
    "extra": {
      "seed": 3
    },
    "n-a": 3,
    "n-b": 2,
    "n-qubit": 6
  },
  "data-circuit": {
    "directions": [
      1,
      1,
      1,
      1,
      1,
      1,
      1,
      1,
      1,
      1,
      1,
      1,
      1,
      1,
      1,
      1,
      1,
      1,
      1,
      1,
      1,
      1,
      1,
      1,
      1,
      1,
      1,
      1,
      1,
      1,
      1,
      1,
      1,
      1,
      1,
      1,
      1,
      1,
      1,
      1,
      1,
      1,
      1,
      1,
      1,
      1,
      1,
      1,
      1,
      1,
      1,
      1,
      1,
      1,
      1,
      1,
      1,
      1,
      1,
      1,
      1,
      1,
      1,
      1,
      1,
      1,
      1,
      1,
      1,
      1,
      1,
      1,
      1,
      1,
      1,
      1,
      1,
      1
    ],
    "data_parameters": [
      0.7306739844461391,
      2.405794087497555,
      1.0231616149336942,
      3.8759901597444735,
      4.773940957503129,
      3.5384404457670526,
      3.2651763178085713,
      4.806705723027738,
      4.711108319299464,
      3.0472658171415623,
      1.8784582658900228,
      1.2530230804408653,
      0.18523547149567357,
      0.22993635496702938,
      2.8007684065632037,
      3.4622884572437056,
      3.1145494914087086,
      5.212132054441803,
      4.986804782104459,
      5.745336141923455,
      6.131562303047208,
      4.677591098463048,
      0.536479057024123,
      3.578391882095568,
      5.480657828235156,
      0.9440696670946277,
      4.573186524904759,
      4.017573803650334,
      0.7680220315878111,
      0.8902383556610737,
      2.5886333444186342,
      1.4710420336935193,
      4.460264225548131,
      -0.42661132746757396,
      4.160068571192913,
      2.4275621007176755,
      5.349284958157743,
      3.5248065285053927,
      4.666977881252845,
      4.649772165923032,
      3.3562902634151524,
      1.6436834004670342,
      0.1859300911987431,
      4.17075893736016,
      3.9200644484951574,
      1.5255513284941709,
      3.7694813858579734,
      3.477222339994719,
      0.41349516317916196,
      4.186028010517238,
      0.9939719485318866,
      -0.18362770460415243,
      6.289866969558609,
      2.1371448026472373,
      0.8064505833250238,
      4.944936194026754,
      0.2715905305449788,
      1.1829715781651173,
      0.9885614035629133,
      4.080429872188986,
      4.045519931730924,
      0.4688593593179717,
      0.06481248631246854,
      5.152554625046916,
      0.34004291488928523,
      2.468318536014681,
      0.1426138811281613,
      2.8455473815799004,
      1.4253063126038112,
      0.5754396715327841,
      5.876532915224516,
      2.696863394104105,
      0.6250165748287677,
      1.4868077470818086,
      4.432923199742428,
      3.0565599718476446,
      5.922495191836055,
      0.2696846757127528
    ],
    "n-qubit": 6,
    "extra": {
      "seed": 3
    }
  }
}