{
  "name": "CompositeSampler",
  "svd-circuit": {
    "directions": [
      2,
      2,
      2,
      0,
      1,
      0,
      2,
      2,
      2,
      0,
      2,
      0,
      0,
      2,
      0,
      1,
      2,
      1,
      1,
      2,
      0,
      0,
      1,
      2,
      2,
      1,
      1,
      2,
      2,
      1,
      0,
      2,
      0,
      1,
      2,
      2,
      2,
      2,
      0,
      2,
      0,
      0,
      0,
      1,
      0,
      2,
      1,
      1,
      1,
      0,
      0,
      2,
      0,
      1,
      0,
      1,
      0,
      1,
      2,
      2,
      0,
      2,
      2,
      0,
      1,
      2,
      1,
      1,
      1,
      2,
      0,
      2
    ],
    "parameters": [
      1.495175848572241,
      0.7604760259887713,
      2.9130792827526886,
      0.9145034472967686,
      5.154790776187519,
      1.2325923550878992,
      1.2047637369615805,
      2.8957581908731123,
      1.8061488266499244,
      5.912734942539715,
      4.289239306542176,
      2.053067698312354,
      4.218602717113993,
      0.9425447893851603,
      -0.349204681411121,
      5.476280019678326,
      3.2706622741837186,
      5.815262385465942,
      4.487007878849653,
      2.422633686796725,
      2.6627204070353865,
      5.41202685402674,
      -0.6021609080892024,
      -0.5538651593528813,
      2.740485831945486,
      4.888050859517812,
      2.6558157671694436,
      3.3364300239584557,
      3.4537837286084656,
      1.5283186824272432,
      4.285020140663764,
      5.954167846330463,
      3.2550360682296646,
      4.6481159361563895,
      5.838622254701643,
      2.8362660100256436,
      4.118698259477635,
      5.7983911193135915,
      1.0445474902768657,
      0.3572544132568571,
      5.1790910337695335,
      2.1205886007496564,
      2.5790077227378987,
      -0.4123820266765147,
      6.037388610478341,
      -0.4934695241008509,
      2.9204173078292666,
      4.0698351311600725,
      3.461101680733974,
      2.1017279723897335,
      1.8518933002535478,
      0.6615612376244339,
      -0.8836637705895783,
      4.852071202052589,
      3.835678057544594,
      4.174644253708978,
      3.0142551315174164,
      6.530370792197724,
      2.0313207500973705,
      0.40960304654259777,
      4.2786659568539305,
      4.229402693450707,
      0.25870809763729763,
      3.4629550112356835,
      4.959282274859143,
      5.879162848404282,
      1.903762031288652,
      -0.4157814590989477,
      6.784529964105324,
      0.12599594579053988,
      3.46949512464157,
      0.37749698436724616
    ],
    "extra": {
      "seed": 3
    },
    "n-a": 3,
    "n-b": 2,
    "n-qubit": 6
  },
  "data-circuit": {
    "directions": [
      1,
      1,
      1,
      1,
      1,
      1,
      1,
      1,
      1,
      1,
      1,
      1,
      1,
      1,
      1,
      1,
      1,
      1,
      1,
      1,
      1,
      1,
      1,
      1,
      1,
      1,
      1,
      1,
      1,
      1,
      1,
      1,
      1,
      1,
      1,
      1,
      1,
      1,
      1,
      1,
      1,
      1,
      1,
      1,
      1,
      1,
      1,
      1,
      1,
      1,
      1,
      1,
      1,
      1,
      1,
      1,
      1,
      1,
      1,
      1,
      1,
      1,
      1,
      1,
      1,
      1,
      1,
      1,
      1,
      1,
      1,
      1,
      1,
      1,
      1,
      1,
      1,
      1
    ],
    "data_parameters": [
      0.6033147937298081,
      6.692297975203404,
      5.60001320347005,
      5.9739165783674295,
      5.646245449228029,
      5.623784557257885,
      0.319717637312477,
      3.6222955455393526,
      2.296485300902352,
      4.267276093348058,
      3.7487345163934727,
      2.3313645239519087,
      3.310106089827942,
      3.8801984252545543,
      5.143679395152811,
      7.10075473716706,
      2.5725604459121802,
      4.6759603174948765,
      6.160948595891592,
      1.7914179490389306,
      0.6731720965868421,
      2.897276556162696,
      5.445941562841187,
      2.735819700318289,
      0.7604492205646787,
      4.106764463458359,
      1.8893011729485965,
      5.796201378698453,
      2.2828794788855085,
      5.1422638419853754,
      1.7564440895061737,
      7.513256498569188,
      0.6706950120851958,
      5.224611589489719,
      3.46018645397451,
      1.6656933088260277,
      0.545101189430915,
      3.327666501042297,
      6.0918020739355265,
      5.525520715211852,
      5.541525049849673,
      2.7165258210567065,
      1.584573283897977,
      3.3344366784621378,
      4.988649447971486,
      2.620622175151259,
      6.28784941033629,
      0.540144566921273,
      1.1578711393871954,
      -0.029553894395601396,
      1.5532142792821282,
      0.45924789394082266,
      1.8220353697707365,
      2.721317767888425,
      6.85665977410147,
      2.7899792351938926,
      4.197637479501227,
      2.4482530538763934,
      0.7393681334516903,
      2.8009970469935115,
      5.7465591801267095,
      1.7892409505541844,
      3.956966211365137,
      0.7670482598590345,
      3.8314293234991093,
      2.448902840920409,
      1.2047590314578642,
      -0.4968644875464153,
      5.7200616110995535,
      3.4699660638896668,
      0.5269848900085271,
      6.786565216066615,
      1.010104595225425,
      0.4625259033682758,
      -0.5762413267808116,
      2.275324777710749,
      4.159485051397853,
      6.274521363075195
    ],
    "n-qubit": 6,
    "extra": {
      "seed": 3
    }
  }
}