{
  "name": "CompositeSampler",
  "svd-circuit": {
    "directions": [
      0,
      1,
      2,
      1,
      0,
      2,
      1,
      2,
      2,
      2,
      2,
      0,
      1,
      1,
      1,
      2,
      0,
      0,
      0,
      2,
      2,
      0,
      1,
      2,
      1,
      1,
      1,
      1,
      1,
      0,
      1,
      1,
      1,
      1,
      2,
      2,
      2,
      1,
      0,
      2,
      1,
      2,
      2,
      2,
      1,
      0,
      1,
      2,
      1,
      0,
      0,
      2,
      2,
      0,
      0,
      0,
      0,
      2,
      0,
      0,
      0,
      0,
      2,
      1,
      0,
      2,
      1,
      0,
      0,
      2,
      2,
      1
    ],
    "parameters": [
      6.0069404902946655,
      0.567032946335163,
      5.36240946559687,
      5.7829468730294415,
      1.3915413382615378,
      4.584137640070542,
      4.280396020118044,
      2.9517030502875707,
      5.48083512914347,
      5.5089296306423226,
      4.446713441771061,
      1.2117838064865176,
      5.472861548918653,
      3.3717574533851935,
      5.770102663263862,
      5.971730342136938,
      -1.2206620067427403,
      1.0099846420351586,
      1.1103643873140343,
      -0.2035334489770152,
      0.8743415086663602,
      3.4718517290068713,
      5.571919628444819,
      5.684284029310581,
      3.3009701540327847,
      4.126615828239971,
      2.3371135404777506,
      -0.1886743648511822,
      3.06663552634503,
      5.3911309537160985,
      3.078848274082568,
      2.6614580880578864,
      4.132283863857801,
      5.7888544184365465,
      1.722637106939388,
      5.751883234335225,
      2.8685952631486797,
      -0.15594928955102136,
      5.031812919815807,
      4.739432162305032,
      1.5835559059805733,
      1.2910916083717472,
      5.22175325118143,
      3.2210329267159246,
      3.970019054329033,
      2.1141669913392267,
      2.333862100753625,
      6.181316536306137,
      5.542206396042146,
      4.321961969166547,
      6.295865378762954,
      -0.2088643220076339,
      -1.5340714897465986,
      0.42293887670924896,
      4.739845144976694,
      4.718428018325045,
      4.970627298548396,
      1.7783818142112928,
      3.6496499086012792,
      1.2758208508500406,
      1.567665385906038,
      0.553827519530443,
      0.6936426387892431,
      6.0309492097521735,
      0.7153074625316851,
      4.314539359430202,
      4.344793900710481,
      2.5068774607357365,
      1.250747407489065,
      0.026364989566883355,
      3.944309043117642,
      -0.38724820718608044
    ],
    "extra": {
      "seed": 2
    },
    "n-a": 3,
    "n-b": 2,
    "n-qubit": 6
  },
  "data-circuit": {
    "directions": [
      1,
      1,
      1,
      1,
      1,
      1,
      1,
      1,
      1,
      1,
      1,
      1,
      1,
      1,
      1,
      1,
      1,
      1,
      1,
      1,
      1,
      1,
      1,
      1,
      1,
      1,
      1,
      1,
      1,
      1,
      1,
      1,
      1,
      1,
      1,
      1,
      1,
      1,
      1,
      1,
      1,
      1,
      1,
      1,
      1,
      1,
      1,
      1,
      1,
      1,
      1,
      1,
      1,
      1,
      1,
      1,
      1,
      1,
      1,
      1,
      1,
      1,
      1,
      1,
      1,
      1,
      1,
      1,
      1,
      1,
      1,
      1,
      1,
      1,
      1,
      1,
      1,
      1
    ],
    "data_parameters": [
      0.2036922848744904,
      4.428053713712652,
      3.022182038805371,
      0.8132492572264125,
      0.4404355452891402,
      6.152163374984358,
      2.891287277148629,
      1.816297590444487,
      3.763276704659536,
      5.857285917139685,
      1.8620142467384706,
      6.114773010330921,
      2.0508933096092545,
      5.935780241558021,
      4.305966891325149,
      0.3579066415242442,
      5.6977871318401645,
      1.297900937530184,
      0.8458491314705572,
      3.1788383564116494,
      5.97499283125945,
      -0.21036243622686626,
      5.584384565509521,
      4.555639518535331,
      4.522960471737345,
      2.2658295644775026,
      2.0400084992898493,
      1.4881422357130467,
      2.8411040903173252,
      1.3735958411111642,
      0.011548427027009547,
      2.727400825693328,
      0.11581697604949208,
      4.31051854102633,
      0.939676944020816,
      1.7521604038377272,
      2.614592622008597,
      4.9635799576130095,
      4.577987066449904,
      5.333751419427,
      1.6941829774383825,
      4.438418591367276,
      5.58599820424672,
      3.356655860099062,
      6.176143375004781,
      4.358940357385082,
      1.6117126526275458,
      1.767212244119487,
      5.186028942580761,
      1.1991340298793434,
      5.917773023394655,
      6.4335115033284405,
      5.0507402582080365,
      0.6713974106616566,
      0.9990840063903591,
      5.075551259887088,
      1.355098780598104,
      2.2394477330044595,
      3.5847107399182243,
      4.471554231558681,
      2.511649690969684,
      2.5535277120994446,
      3.691664461828861,
      3.0729720114391412,
      4.405488079153547,
      1.8719737416793802,
      -0.027189950163679217,
      0.25563484178964835,
      1.2257818473564988,
      3.704978685789993,
      2.0900895165732307,
      1.6235553874411386,
      5.338501017267389,
      1.1198253928912603,
      5.171490493194575,
      3.2734355435405926,
      3.859107808401661,
      6.05435108955181
    ],
    "n-qubit": 6,
    "extra": {
      "seed": 2
    }
  }
}