{
  "name": "CompositeSampler",
  "svd-circuit": {
    "directions": [
      0,
      1,
      0,
      2,
      0,
      2,
      0,
      1,
      0,
      1,
      0,
      1,
      2,
      1,
      2,
      1,
      0,
      1,
      2,
      0,
      2,
      1,
      2,
      1,
      1,
      0,
      0,
      1,
      1,
      2,
      1,
      2,
      1,
      2,
      1,
      1,
      1,
      0,
      0,
      2,
      2,
      0,
      0,
      0,
      2,
      1,
      1,
      1,
      0,
      1,
      2,
      0,
      0,
      1,
      1,
      0,
      0,
      1,
      1,
      2,
      0,
      0,
      0,
      0,
      0,
      2,
      0,
      0,
      2,
      1,
      0,
      0
    ],
    "parameters": [
      1.483133889226057,
      4.987356853835382,
      1.226458031978322,
      -0.01754835607206587,
      4.903391781222761,
      0.1366281258843413,
      2.2634855223579042,
      5.663498467718644,
      -0.10379126596149767,
      4.615359523915374,
      3.1355763564691235,
      -0.5249693706380457,
      3.939403893042249,
      6.486719287474835,
      0.11336951089463637,
      2.249524609586722,
      2.4483706762630257,
      -0.026971386373027685,
      0.5613787767421226,
      4.795559079470389,
      5.729258134365885,
      5.008813236263392,
      4.898613349075567,
      -0.017255201140774872,
      3.763078045550744,
      3.680746256933122,
      1.7062301240003612,
      0.1680002613956609,
      3.6867502613451557,
      3.2668413698888306,
      2.960888785231767,
      1.3146365965890034,
      1.2361622146571756,
      6.125108731975643,
      3.1780985060681295,
      -0.000749651717937551,
      4.693179278504603,
      3.265185977348952,
      6.205725446615928,
      5.824964479117169,
      0.6447626833433597,
      1.67304771608308,
      0.7674621946700758,
      1.7474303870187469,
      1.157637964466074,
      -1.2103176393043387,
      4.745660784722401,
      -1.037188610813042,
      2.021150670281139,
      5.02352848156731,
      4.536024994217225,
      3.8704526013139158,
      1.9772456052733178,
      5.0603427782423465,
      0.8572628905225802,
      2.7220350886244686,
      0.7966329019476006,
      2.6765041980209174,
      0.07694538955042522,
      5.937345507594506,
      0.6101111992658916,
      1.858486430069812,
      -0.8739141163983136,
      -1.7850494400477332,
      3.214510843150525,
      2.7350145503069663,
      3.0829555536860314,
      2.2173117094262804,
      0.7682654226829801,
      1.1263443247211904,
      1.338898011001489,
      3.0220403265702536
    ],
    "extra": {
      "seed": 4
    },
    "n-a": 3,
    "n-b": 2,
    "n-qubit": 6
  },
  "data-circuit": {
    "directions": [
      1,
      1,
      1,
      1,
      1,
      1,
      1,
      1,
      1,
      1,
      1,
      1,
      1,
      1,
      1,
      1,
      1,
      1,
      1,
      1,
      1,
      1,
      1,
      1,
      1,
      1,
      1,
      1,
      1,
      1,
      1,
      1,
      1,
      1,
      1,
      1,
      1,
      1,
      1,
      1,
      1,
      1,
      1,
      1,
      1,
      1,
      1,
      1,
      1,
      1,
      1,
      1,
      1,
      1,
      1,
      1,
      1,
      1,
      1,
      1,
      1,
      1,
      1,
      1,
      1,
      1,
      1,
      1,
      1,
      1,
      1,
      1
    ],
    "data_parameters": [
      6.209002533228013,
      4.215209151292296,
      2.1775316237721225,
      1.6094674443742965,
      2.8975216556847685,
      3.230867491176223,
      4.0173758018752785,
      1.9902710005098194,
      3.4794384242181895,
      3.492097510539951,
      5.881005355170609,
      3.3808882097576967,
      1.4876791048182436,
      6.816648329113685,
      3.0225458515965378,
      2.4738048045901335,
      5.8363817923187415,
      6.867043511383304,
      4.416508624061021,
      6.604330242360967,
      0.7552814549144762,
      4.3387681615574305,
      5.963358825710137,
      4.213071705459383,
      3.0434261560128775,
      0.28667994510889133,
      2.6850726046960784,
      4.66362535687451,
      6.244006338440355,
      5.61606837468145,
      2.6273166365146623,
      5.8878756690039,
      1.2438969662061206,
      5.239652512202519,
      3.000160085134219,
      0.22189966961583718,
      5.104321805892744,
      2.4637373121067636,
      5.067541419725849,
      5.501501711537785,
      0.24955214566861386,
      2.1985095504184007,
      5.186906818798777,
      1.0488941421489528,
      2.5729905277629137,
      5.35694985577359,
      0.01191814613399385,
      3.633329714460201,
      0.15605894124668604,
      6.41412330062603,
      4.6565161081200515,
      2.820330538257073,
      0.9762371015065042,
      2.1634728768486475,
      3.7361275862863126,
      7.392502089924912,
      -0.21369636962560204,
      2.42993778094361,
      5.010413091009673,
      3.733591882131261,
      4.572727226721241,
      3.0047226443188566,
      5.4303819494561605,
      3.1876755821145433,
      1.67445169373051,
      3.4762488246007868,
      4.560881643822981,
      1.9941034257602563,
      3.0820616293684684,
      1.9278436935474779,
      0.21054261329259366,
      -0.217858846862142
    ],
    "n-qubit": 6,
    "extra": {
      "seed": 4
    }
  }
}