{
  "name": "CompositeSampler",
  "svd-circuit": {
    "directions": [
      0,
      1,
      0,
      2,
      0,
      2,
      0,
      1,
      0,
      1,
      0,
      1,
      2,
      1,
      2,
      1,
      0,
      1,
      2,
      0,
      2,
      1,
      2,
      1,
      1,
      0,
      0,
      1,
      1,
      2,
      1,
      2,
      1,
      2,
      1,
      1,
      1,
      0,
      0,
      2,
      2,
      0,
      0,
      0,
      2,
      1,
      1,
      1,
      0,
      1,
      2,
      0,
      0,
      1,
      1,
      0,
      0,
      1,
      1,
      2,
      0,
      0,
      0,
      0,
      0,
      2,
      0,
      0,
      2,
      1,
      0,
      0
    ],
    "parameters": [
      1.483133889226057,
      3.043683915133154,
      0.4084331258148383,
      0.02084764868251485,
      4.850926523371052,
      0.1384133063036154,
      2.2634855223579042,
      5.637898432289068,
      0.6640940170585827,
      4.508885227926005,
      4.520809122297835,
      -0.25916727224218267,
      3.939403893042249,
      5.487407089126537,
      0.7036715546828702,
      1.4968348728445495,
      1.6732876195683164,
      0.5077785835726477,
      0.5613787767421226,
      5.994276198061518,
      5.4095277091801215,
      4.728281626892696,
      6.361135889163824,
      0.5879222088545134,
      3.763078045550744,
      0.7015098677574542,
      1.3998692938292576,
      -0.45674152028205217,
      4.394902671573039,
      2.660706919674815,
      2.960888785231767,
      -0.02836485133778579,
      0.8448763509414225,
      5.780427186503973,
      2.8345651395982707,
      -0.5222892897369186,
      4.693179278504603,
      4.316983316866679,
      5.755885291331735,
      4.760483747601273,
      1.3697978791782086,
      2.7514999971306597,
      0.7674621946700758,
      1.3996857865558618,
      -0.5497697078490006,
      0.4845881673934887,
      5.17048317815565,
      -1.2594433201291912,
      2.021150670281139,
      3.558839304353243,
      4.619893640335925,
      4.354414362152682,
      0.7843822545992842,
      5.422975568029172,
      0.8572628905225802,
      2.3223950602986148,
      1.0967907937000576,
      1.7333814626500093,
      -0.05087412066299779,
      6.7038708210630285,
      0.6101111992658916,
      2.653640129047138,
      1.0145198615934024,
      0.09076519043077676,
      3.6297159965666794,
      3.3970979427769494,
      3.0829555536860314,
      1.5858160673823603,
      0.768265503114877,
      2.3029207248864307,
      1.9036706149266802,
      1.7930574665145875
    ],
    "extra": {
      "seed": 4
    },
    "n-a": 3,
    "n-b": 2,
    "n-qubit": 6
  },
  "data-circuit": {
    "directions": [
      1,
      1,
      1,
      1,
      1,
      1,
      1,
      1,
      1,
      1,
      1,
      1,
      1,
      1,
      1,
      1,
      1,
      1,
      1,
      1,
      1,
      1,
      1,
      1,
      1,
      1,
      1,
      1,
      1,
      1,
      1,
      1,
      1,
      1,
      1,
      1,
      1,
      1,
      1,
      1,
      1,
      1,
      1,
      1,
      1,
      1,
      1,
      1,
      1,
      1,
      1,
      1,
      1,
      1,
      1,
      1,
      1,
      1,
      1,
      1,
      1,
      1,
      1,
      1,
      1,
      1,
      1,
      1,
      1,
      1,
      1,
      1,
      1,
      1,
      1,
      1,
      1,
      1
    ],
    "data_parameters": [
      0.2036922848744904,
      4.428053713712652,
      3.022182038805371,
      0.8132492572264125,
      0.4404355452891402,
      6.152163374984358,
      2.891287277148629,
      1.816297590444487,
      3.763276704659536,
      5.857285917139685,
      1.8620142467384706,
      6.114773010330921,
      2.0508933096092545,
      5.935780241558021,
      4.305966891325149,
      0.3579066415242442,
      5.6977871318401645,
      1.297900937530184,
      0.8458491314705572,
      3.1788383564116494,
      5.97499283125945,
      -0.21036243622686626,
      5.584384565509521,
      4.555639518535331,
      4.522960471737345,
      2.2658295644775026,
      2.0400084992898493,
      1.4881422357130467,
      2.8411040903173252,
      1.3735958411111642,
      0.011548427027009547,
      2.727400825693328,
      0.11581697604949208,
      4.31051854102633,
      0.939676944020816,
      1.7521604038377272,
      2.614592622008597,
      4.9635799576130095,
      4.577987066449904,
      5.333751419427,
      1.6941829774383825,
      4.438418591367276,
      5.58599820424672,
      3.356655860099062,
      6.176143375004781,
      4.358940357385082,
      1.6117126526275458,
      1.767212244119487,
      5.186028942580761,
      1.1991340298793434,
      5.917773023394655,
      6.4335115033284405,
      5.0507402582080365,
      0.6713974106616566,
      0.9990840063903591,
      5.075551259887088,
      1.355098780598104,
      2.2394477330044595,
      3.5847107399182243,
      4.471554231558681,
      2.511649690969684,
      2.5535277120994446,
      3.691664461828861,
      3.0729720114391412,
      4.405488079153547,
      1.8719737416793802,
      -0.027189950163679217,
      0.25563484178964835,
      1.2257818473564988,
      3.704978685789993,
      2.0900895165732307,
      1.6235553874411386,
      5.338501017267389,
      1.1198253928912603,
      5.171490493194575,
      3.2734355435405926,
      3.859107808401661,
      6.05435108955181
    ],
    "n-qubit": 6,
    "extra": {
      "seed": 4
    }
  }
}