{
  "name": "CompositeSampler",
  "svd-circuit": {
    "directions": [
      0,
      1,
      0,
      2,
      0,
      2,
      0,
      1,
      0,
      1,
      0,
      1,
      2,
      1,
      2,
      1,
      0,
      1,
      2,
      0,
      2,
      1,
      2,
      1,
      1,
      0,
      0,
      1,
      1,
      2,
      1,
      2,
      1,
      2,
      1,
      1,
      1,
      0,
      0,
      2,
      2,
      0,
      0,
      0,
      2,
      1,
      1,
      1,
      0,
      1,
      2,
      0,
      0,
      1,
      1,
      0,
      0,
      1,
      1,
      2,
      0,
      0,
      0,
      0,
      0,
      2,
      0,
      0,
      2,
      1,
      0,
      0
    ],
    "parameters": [
      1.483133889226057,
      3.83845495843237,
      1.3868494549446673,
      -0.5502688883860827,
      4.555177513209224,
      0.5762351846365016,
      2.2634855223579042,
      5.687049131564937,
      0.2784828174834896,
      5.002986638574252,
      4.944964610458583,
      0.3907388373698473,
      3.939403893042249,
      7.224475997042554,
      0.059597001563349766,
      1.9079614498436606,
      3.2702081687934665,
      1.3147171689688129,
      0.5613787767421226,
      4.549942204054362,
      5.7633867447479625,
      3.737802160797814,
      5.277687629512848,
      0.4382039006448225,
      3.763078045550744,
      2.5256535794489294,
      2.55715387516608,
      -0.04094238507967791,
      2.9372693924490596,
      2.6945865120840007,
      2.960888785231767,
      1.329003354051101,
      0.4428184253182557,
      5.724070555051833,
      4.525864541146276,
      0.3672618345886062,
      4.693179278504603,
      4.189722921299072,
      5.439038884622381,
      3.347919647700346,
      1.0926647339816602,
      3.250487301449761,
      0.7674621946700758,
      1.6233734490046112,
      -0.12840153700442106,
      -0.3991218794927189,
      5.304818382768193,
      -0.7822002179321073,
      2.021150670281139,
      5.7617184391918475,
      4.885739784170915,
      4.490882392131508,
      0.893548203259749,
      5.509946683790722,
      0.8572628905225802,
      3.526502823391827,
      1.6071564864271184,
      1.683162432203002,
      0.6272702001218334,
      5.4624521355500075,
      0.6101111992658916,
      2.4362375469460176,
      0.3773387523065305,
      -1.0012930575430818,
      4.613151064588359,
      2.6381230790232313,
      3.0829555536860314,
      1.6137932892152416,
      0.7682655322278801,
      3.010181888199213,
      3.3143568129052574,
      1.458454495854529
    ],
    "extra": {
      "seed": 4
    },
    "n-a": 3,
    "n-b": 2,
    "n-qubit": 6
  },
  "data-circuit": {
    "directions": [
      1,
      1,
      1,
      1,
      1,
      1,
      1,
      1,
      1,
      1,
      1,
      1,
      1,
      1,
      1,
      1,
      1,
      1,
      1,
      1,
      1,
      1,
      1,
      1,
      1,
      1,
      1,
      1,
      1,
      1,
      1,
      1,
      1,
      1,
      1,
      1,
      1,
      1,
      1,
      1,
      1,
      1,
      1,
      1,
      1,
      1,
      1,
      1,
      1,
      1,
      1,
      1,
      1,
      1,
      1,
      1,
      1,
      1,
      1,
      1,
      1,
      1,
      1,
      1,
      1,
      1,
      1,
      1,
      1,
      1,
      1,
      1
    ],
    "data_parameters": [
      5.222315192183369,
      4.807399674966656,
      3.2935039557959334,
      1.9665931647073804,
      -0.11328340353376525,
      4.737709198850111,
      3.268317557011134,
      4.71359735408294,
      2.488493390402902,
      5.179016729831612,
      1.9294341343849317,
      4.9876468342401346,
      4.29967655080472,
      3.0551284187280876,
      3.012833957523733,
      4.430938365793827,
      1.5134413269365654,
      3.375593777543351,
      5.579048190623793,
      1.2767234644032392,
      4.723690867648038,
      4.58496335481567,
      5.508520257736334,
      1.9850792019496428,
      0.8560669749796749,
      5.0614750963787145,
      5.457057663638148,
      2.1124999366565915,
      0.9088145893867465,
      1.3036842839964295,
      3.7866184656787945,
      2.164779888224988,
      6.098750898636451,
      3.9656780917101626,
      1.3028390604940183,
      3.6572136881032207,
      2.3835513319458483,
      5.859718730354404,
      6.321431905947714,
      2.737786612509394,
      4.348551070983445,
      4.345538449509927,
      4.830494418641609,
      5.978411010636727,
      0.08810353532834944,
      2.375387654436633,
      4.01934541747273,
      2.125167516706585,
      3.939118750429909,
      0.37136478391044014,
      6.03182769505221,
      3.6166693320349554,
      0.5620920723870375,
      4.180631462614078,
      1.923230934763419,
      1.0953737568569506,
      2.9783541098100046,
      1.1413653356956124,
      1.6885835473810265,
      5.665488500916958,
      4.123146816884842,
      0.07972566201982105,
      4.994874879213269,
      -0.09744124612592531,
      2.242006579490646,
      5.551134269386383,
      4.524036340565054,
      1.831082212758217,
      2.5399062105168544,
      2.373677184531358,
      1.0427001339306166,
      6.499732902076903
    ],
    "n-qubit": 6,
    "extra": {
      "seed": 4
    }
  }
}