{
  "name": "CompositeSampler",
  "svd-circuit": {
    "directions": [
      0,
      1,
      0,
      2,
      0,
      2,
      0,
      1,
      0,
      1,
      0,
      1,
      2,
      1,
      2,
      1,
      0,
      1,
      2,
      0,
      2,
      1,
      2,
      1,
      1,
      0,
      0,
      1,
      1,
      2,
      1,
      2,
      1,
      2,
      1,
      1,
      1,
      0,
      0,
      2,
      2,
      0,
      0,
      0,
      2,
      1,
      1,
      1,
      0,
      1,
      2,
      0,
      0,
      1,
      1,
      0,
      0,
      1,
      1,
      2,
      0,
      0,
      0,
      0,
      0,
      2,
      0,
      0,
      2,
      1,
      0,
      0
    ],
    "parameters": [
      1.483133889226057,
      5.366487685365847,
      -0.21676248088189567,
      0.07528024624308309,
      6.517582507939399,
      0.8332945313568234,
      2.2634855223579042,
      4.749255663704756,
      -0.006351681612963219,
      3.7885791457857385,
      4.534622167012583,
      0.13376543110847902,
      3.939403893042249,
      5.592875583562471,
      -0.03773535068682433,
      3.1217967061804166,
      2.5581480378057155,
      1.4340456183597339,
      0.5613787767421226,
      5.4667420468846215,
      6.379040800192862,
      4.744780772557596,
      4.174850093112503,
      0.9777115312963944,
      3.763078045550744,
      2.3617257239211735,
      1.0380680939680613,
      0.7629566995242144,
      4.193639070161159,
      3.76405579087599,
      2.960888785231767,
      0.3075856709368,
      -0.17457589157981668,
      6.388167012297537,
      4.558561128679243,
      -0.033233709721570186,
      4.693179278504603,
      4.4444881383648465,
      5.26963209305073,
      4.465950853749602,
      0.6081997501652477,
      3.363378648765836,
      0.7674621946700758,
      1.7638550102237744,
      -0.11540173270688865,
      1.3374184403107676,
      4.356895670053668,
      -1.1965781055594122,
      2.021150670281139,
      5.254646258949416,
      3.256410977340337,
      3.4399247857810535,
      1.649790871374399,
      5.520331038034473,
      0.8572628905225802,
      3.960576098203916,
      2.377156315895435,
      1.7786543855405426,
      -0.018840733382136408,
      5.58612171328475,
      0.6101111992658916,
      2.424166770855581,
      -0.4165183628039835,
      -0.339534797224141,
      3.6376410862070627,
      2.5765789111170463,
      3.0829555536860314,
      0.8120126637852233,
      0.7682654862345665,
      -0.16899938978754755,
      2.018369609183537,
      2.3433599991987926
    ],
    "extra": {
      "seed": 4
    },
    "n-a": 3,
    "n-b": 2,
    "n-qubit": 6
  },
  "data-circuit": {
    "directions": [
      1,
      1,
      1,
      1,
      1,
      1,
      1,
      1,
      1,
      1,
      1,
      1,
      1,
      1,
      1,
      1,
      1,
      1,
      1,
      1,
      1,
      1,
      1,
      1,
      1,
      1,
      1,
      1,
      1,
      1,
      1,
      1,
      1,
      1,
      1,
      1,
      1,
      1,
      1,
      1,
      1,
      1,
      1,
      1,
      1,
      1,
      1,
      1,
      1,
      1,
      1,
      1,
      1,
      1,
      1,
      1,
      1,
      1,
      1,
      1,
      1,
      1,
      1,
      1,
      1,
      1,
      1,
      1,
      1,
      1,
      1,
      1
    ],
    "data_parameters": [
      0.7954902936415567,
      3.972334309099165,
      5.524912480955226,
      -0.016911499047623776,
      5.785324882554309,
      3.4881739082518917,
      0.9836421096772587,
      4.369859376204888,
      3.2214941101638472,
      2.114880806687552,
      1.360193650146822,
      2.6961624053919517,
      1.4505586530830603,
      3.4002324042684604,
      2.022452528531786,
      4.977789844380486,
      3.2338278995109926,
      2.7034746771517075,
      5.856547278101333,
      5.286098361510447,
      1.2335253681432483,
      3.2683937395017164,
      1.5897189627798627,
      4.048918412403561,
      0.8359384753304159,
      1.4613014493132288,
      3.482265484805172,
      2.1670436035612664,
      1.4248005218273898,
      6.280260143576611,
      3.208836101033133,
      1.3259218971650089,
      0.36865577434508096,
      3.647264256034967,
      3.8631912674686086,
      5.778365207132982,
      0.4522231543226442,
      2.425230549283535,
      4.754670717039194,
      2.9228585445673336,
      1.1736537820877293,
      6.053749539251715,
      1.930791181932429,
      4.120639767586439,
      3.257430673118231,
      1.9219440798650431,
      5.933155101282035,
      3.4614288450627524,
      2.969693796164503,
      4.484336029418393,
      6.359174057443671,
      1.5041707388918582,
      5.330368487633902,
      4.86942006297023,
      5.943971457104752,
      3.409666584609636,
      6.454834228166294,
      5.142783523799128,
      4.25834922778648,
      6.478327123811545,
      -0.09642019546754373,
      2.8470397930263,
      0.3105395071191146,
      2.9029688903166004,
      5.378946932390667,
      4.945418828071324,
      2.647114928902059,
      4.439516725829451,
      2.2149156480547982,
      1.920081116579076,
      4.752320445492038,
      4.903160519750543
    ],
    "n-qubit": 6,
    "extra": {
      "seed": 4
    }
  }
}