{
  "name": "CompositeSampler",
  "svd-circuit": {
    "directions": [
      0,
      1,
      0,
      2,
      0,
      2,
      0,
      1,
      0,
      1,
      0,
      1,
      2,
      1,
      2,
      1,
      0,
      1,
      2,
      0,
      2,
      1,
      2,
      1,
      1,
      0,
      0,
      1,
      1,
      2,
      1,
      2,
      1,
      2,
      1,
      1,
      1,
      0,
      0,
      2,
      2,
      0,
      0,
      0,
      2,
      1,
      1,
      1,
      0,
      1,
      2,
      0,
      0,
      1,
      1,
      0,
      0,
      1,
      1,
      2,
      0,
      0,
      0,
      0,
      0,
      2,
      0,
      0,
      2,
      1,
      0,
      0
    ],
    "parameters": [
      1.483133889226057,
      5.5257171169126025,
      2.1037286221302693,
      0.44143117904094314,
      5.4137906659517965,
      -0.05855729768591419,
      2.2634855223579042,
      4.456041972407253,
      1.2466389274842122,
      4.039968080814655,
      4.938642342867665,
      -1.481510438745694,
      3.939403893042249,
      6.572192000415165,
      0.13190151689456175,
      0.7300435137452923,
      3.40772781423416,
      1.3144838549088325,
      0.5613787767421226,
      5.1000680794495485,
      4.919752512976988,
      3.471252295589434,
      5.421652598847404,
      -0.3476050586457167,
      3.763078045550744,
      3.1613916362626724,
      0.5045539601891778,
      -0.7386457737134936,
      3.1832671884232377,
      3.9795610912344155,
      2.960888785231767,
      0.26107365003989785,
      2.6623666458434165,
      5.173580363380725,
      3.980465440749839,
      0.24229187553203935,
      4.693179278504603,
      2.606096552750678,
      4.900760520294443,
      5.038937990934014,
      1.441569823689449,
      2.6017718745083225,
      0.7674621946700758,
      1.9298903189715282,
      0.16125207722156698,
      -0.8357311403312421,
      4.3824447761876115,
      -0.12820109437441166,
      2.021150670281139,
      5.1286645343332715,
      5.861678341179425,
      4.154541885733789,
      0.23185723474558262,
      5.8356658983860425,
      0.8572628905225802,
      2.912647238560502,
      1.7981566991906766,
      1.503783203574761,
      0.6923586682721837,
      5.7999745311937145,
      0.6101111992658916,
      1.773150315275127,
      -0.10203777986911991,
      -1.8679686343818793,
      3.934447142303489,
      3.677519883663108,
      3.0829555536860314,
      1.4819961762253537,
      0.7682654845569479,
      0.9058003174692489,
      2.637954114375353,
      1.7556615255051489
    ],
    "extra": {
      "seed": 4
    },
    "n-a": 3,
    "n-b": 2,
    "n-qubit": 6
  },
  "data-circuit": {
    "directions": [
      1,
      1,
      1,
      1,
      1,
      1,
      1,
      1,
      1,
      1,
      1,
      1,
      1,
      1,
      1,
      1,
      1,
      1,
      1,
      1,
      1,
      1,
      1,
      1,
      1,
      1,
      1,
      1,
      1,
      1,
      1,
      1,
      1,
      1,
      1,
      1,
      1,
      1,
      1,
      1,
      1,
      1,
      1,
      1,
      1,
      1,
      1,
      1,
      1,
      1,
      1,
      1,
      1,
      1,
      1,
      1,
      1,
      1,
      1,
      1,
      1,
      1,
      1,
      1,
      1,
      1,
      1,
      1,
      1,
      1,
      1,
      1
    ],
    "data_parameters": [
      5.737752855233807,
      3.3371627141133304,
      2.192640085713615,
      1.0946505100490436,
      2.4290951395660976,
      2.9484833880597243,
      3.6582219955538795,
      0.8570137474407068,
      2.0697098756632943,
      4.44988192218547,
      6.6637782345352425,
      3.582126922086339,
      2.2186572934273037,
      6.363062511051395,
      3.3031375857602767,
      2.6965656694138813,
      6.17324924363854,
      8.26605595796581,
      3.3485263756166312,
      6.294439317987538,
      0.2414706416222975,
      4.196417359372646,
      6.220991457668406,
      4.572765080180102,
      2.414687017013897,
      -0.5090322930958661,
      2.73323941533217,
      4.337828251572788,
      5.594849780314644,
      4.116119117787087,
      2.2555620291770513,
      5.4302550263439855,
      1.8681336556422203,
      6.000316592558824,
      2.5966987617112633,
      -0.4152908951967793,
      5.741893126640286,
      3.312422761959126,
      5.047215467904433,
      5.236781247324026,
      -0.29321362925931804,
      2.4250620909983587,
      5.417954099920331,
      0.5578791047394926,
      1.812230256525598,
      4.760675072161335,
      0.2654659582071518,
      4.555826427661288,
      -0.7830592517989535,
      7.758417803600096,
      3.8505473114821362,
      2.9979798908628315,
      0.9450374810413943,
      2.916707013289163,
      4.022104913669949,
      7.619735705368234,
      -0.5004483249737863,
      1.4948204754036902,
      4.85112150260402,
      3.210952838085019,
      4.474057354325372,
      3.907978712247295,
      5.7747229116741385,
      3.038207144043036,
      1.789558775278112,
      3.2101822046485835,
      5.148259383407238,
      3.473126576651437,
      2.728618403811308,
      1.0602365165475014,
      0.44518757754222127,
      -0.44443166231031406
    ],
    "n-qubit": 6,
    "extra": {
      "seed": 4
    }
  }
}