{
  "name": "CompositeSampler",
  "svd-circuit": {
    "directions": [
      0,
      1,
      0,
      2,
      0,
      2,
      0,
      1,
      0,
      1,
      0,
      1,
      2,
      1,
      2,
      1,
      0,
      1,
      2,
      0,
      2,
      1,
      2,
      1,
      1,
      0,
      0,
      1,
      1,
      2,
      1,
      2,
      1,
      2,
      1,
      1,
      1,
      0,
      0,
      2,
      2,
      0,
      0,
      0,
      2,
      1,
      1,
      1,
      0,
      1,
      2,
      0,
      0,
      1,
      1,
      0,
      0,
      1,
      1,
      2,
      0,
      0,
      0,
      0,
      0,
      2,
      0,
      0,
      2,
      1,
      0,
      0
    ],
    "parameters": [
      1.483133889226057,
      5.3029285376955375,
      0.879999165863252,
      -1.6381108588758266,
      6.312748992959422,
      -0.10300802947043099,
      2.2634855223579042,
      4.962816591160233,
      0.5771595026940208,
      4.8325280028208315,
      4.157014620687347,
      -0.8892414753931869,
      3.939403893042249,
      5.6774160109561596,
      0.016894090866688277,
      2.1298505337512634,
      2.3701410447413624,
      -0.2193026326652267,
      0.5613787767421226,
      4.352481698499573,
      6.115970491800211,
      5.584313097845427,
      4.759500219811867,
      -0.10407588667150353,
      3.763078045550744,
      2.330992769256776,
      1.6416761221367728,
      0.8431597686746332,
      3.025429570575906,
      2.8085519363368636,
      2.960888785231767,
      0.17429792511040607,
      1.552863513142678,
      5.510719023705067,
      2.43397097997992,
      -0.14173930373003724,
      4.693179278504603,
      4.387508008404272,
      6.690969239785062,
      5.936700209027909,
      1.253062894965817,
      2.247016593840485,
      0.7674621946700758,
      1.2857775559848164,
      1.567911053429361,
      -1.8140198916511894,
      4.088238916412707,
      -0.7594006480200826,
      2.021150670281139,
      4.178791534357,
      5.159530068877023,
      3.9667086685002784,
      0.6130382294531181,
      5.157295498981269,
      0.8572628905225802,
      2.855590081941927,
      1.8471290471540145,
      1.1095527667221778,
      -0.31322473222111236,
      7.395202161983615,
      0.6101111992658916,
      1.5181611968429571,
      -0.031394731495062056,
      0.058763337045394125,
      2.873144117464875,
      3.790500947161572,
      3.0829555536860314,
      2.348260381136044,
      0.7682656455128196,
      0.6094832779955868,
      3.3575893501256857,
      1.6051342333300538
    ],
    "extra": {
      "seed": 4
    },
    "n-a": 3,
    "n-b": 2,
    "n-qubit": 6
  },
  "data-circuit": {
    "directions": [
      1,
      1,
      1,
      1,
      1,
      1,
      1,
      1,
      1,
      1,
      1,
      1,
      1,
      1,
      1,
      1,
      1,
      1,
      1,
      1,
      1,
      1,
      1,
      1,
      1,
      1,
      1,
      1,
      1,
      1,
      1,
      1,
      1,
      1,
      1,
      1,
      1,
      1,
      1,
      1,
      1,
      1,
      1,
      1,
      1,
      1,
      1,
      1,
      1,
      1,
      1,
      1,
      1,
      1,
      1,
      1,
      1,
      1,
      1,
      1,
      1,
      1,
      1,
      1,
      1,
      1,
      1,
      1,
      1,
      1,
      1,
      1,
      1,
      1,
      1,
      1,
      1,
      1
    ],
    "data_parameters": [
      5.714326111059117,
      0.8453414690877868,
      3.9702484673703387,
      -0.0625331005267689,
      -1.8466435450825724,
      0.8747172574979172,
      3.5846925094494777,
      2.301437787178792,
      3.6786501517820946,
      5.388250803338569,
      4.7304513863845665,
      -0.19477217443387806,
      1.5361161895227582,
      0.6360672891553307,
      3.086615408633486,
      5.954435486178705,
      5.313359720153659,
      2.055994858591342,
      1.1829928383291441,
      3.8172979707100283,
      5.8360406520049395,
      3.8759596834207923,
      1.3520950427419915,
      1.9875275630708942,
      4.03350610087438,
      3.898296002434064,
      5.558376182983636,
      2.4718555035684675,
      2.2650238678213466,
      1.5244614511722394,
      2.6915326842044696,
      0.6847637031594797,
      2.363246628941652,
      1.0671430918590439,
      3.9749400044963967,
      3.0062161335471584,
      4.70669221454725,
      1.9583727827974993,
      2.114735957547103,
      6.1001023345181355,
      3.2301772756934386,
      1.1048087629971568,
      -1.3079202246937789,
      2.240771464585949,
      1.1160628036095346,
      1.4833655603633666,
      3.4412145012975017,
      5.333588095429718,
      7.7708651788066385,
      1.7631539029030534,
      4.658289884020258,
      3.1917956286124416,
      4.269971828512153,
      2.3107525128289166,
      5.4764672416670725,
      6.300576599800236,
      2.1283760365615905,
      5.1903264853216085,
      4.930405675491072,
      2.932585301974386,
      0.24751157128133683,
      5.012071442145472,
      4.071644460450761,
      3.332622433575194,
      0.34074950482927546,
      0.5563688759238462,
      0.5663079326418514,
      2.8164100448651728,
      5.359449709355235,
      5.202479112513789,
      1.6528010534721247,
      2.819463299597658,
      0.8053154420584335,
      0.18969212065755933,
      4.29016645895462,
      3.6489290136652732,
      1.3735889536079022,
      0.4827027902048223
    ],
    "n-qubit": 6,
    "extra": {
      "seed": 4
    }
  }
}