{
  "name": "CompositeSampler",
  "svd-circuit": {
    "directions": [
      0,
      1,
      0,
      2,
      0,
      2,
      0,
      1,
      0,
      1,
      0,
      1,
      2,
      1,
      2,
      1,
      0,
      1,
      2,
      0,
      2,
      1,
      2,
      1,
      1,
      0,
      0,
      1,
      1,
      2,
      1,
      2,
      1,
      2,
      1,
      1,
      1,
      0,
      0,
      2,
      2,
      0,
      0,
      0,
      2,
      1,
      1,
      1,
      0,
      1,
      2,
      0,
      0,
      1,
      1,
      0,
      0,
      1,
      1,
      2,
      0,
      0,
      0,
      0,
      0,
      2,
      0,
      0,
      2,
      1,
      0,
      0
    ],
    "parameters": [
      1.483133889226057,
      3.616811314028436,
      0.549714180674164,
      0.006285591918768897,
      4.7150117284203725,
      -0.38343186901897486,
      2.2634855223579042,
      5.632481119631863,
      0.18427367256864052,
      5.4698376229833325,
      3.8819067806855645,
      -2.276393581557633,
      3.939403893042249,
      6.287350582285363,
      1.7150177062641894,
      3.1405523670152533,
      2.5567515834090573,
      -0.20204349281600753,
      0.5613787767421226,
      5.7498419500980305,
      5.5248518071809904,
      4.4097514914764595,
      4.661693802441941,
      -1.2570533219918467,
      3.763078045550744,
      1.9009192767415029,
      1.33876718569493,
      -0.2108955633652564,
      3.1074295983959694,
      1.5043581332230345,
      2.960888785231767,
      0.0978471951122878,
      1.8687180332937083,
      4.699248174860167,
      3.1840876220236063,
      -0.1219098560469528,
      4.693179278504603,
      4.0148680966188675,
      4.415138618394291,
      5.475355775679468,
      0.8343410535418104,
      2.9768310351273146,
      0.7674621946700758,
      1.6184503177948588,
      -0.09319721356912392,
      -0.22304247970768198,
      5.468241002286246,
      -0.9402550510373866,
      2.021150670281139,
      5.8191598903579544,
      5.989207266066447,
      4.9366773379600986,
      1.6672302037475752,
      4.381934246595895,
      0.8572628905225802,
      3.1028913392983934,
      3.4331987341774886,
      1.0123226517550326,
      -0.2899040349328637,
      6.506299042659204,
      0.6101111992658916,
      2.5567367231532074,
      0.632091565438075,
      -0.662850605507468,
      3.591482260834397,
      3.3535272537372514,
      3.0829555536860314,
      -0.1721096076534606,
      0.7682655660984389,
      1.2865566603204592,
      1.340549488021439,
      2.599804356989045
    ],
    "extra": {
      "seed": 4
    },
    "n-a": 3,
    "n-b": 2,
    "n-qubit": 6
  },
  "data-circuit": {
    "directions": [
      1,
      1,
      1,
      1,
      1,
      1,
      1,
      1,
      1,
      1,
      1,
      1,
      1,
      1,
      1,
      1,
      1,
      1,
      1,
      1,
      1,
      1,
      1,
      1,
      1,
      1,
      1,
      1,
      1,
      1,
      1,
      1,
      1,
      1,
      1,
      1,
      1,
      1,
      1,
      1,
      1,
      1,
      1,
      1,
      1,
      1,
      1,
      1,
      1,
      1,
      1,
      1,
      1,
      1,
      1,
      1,
      1,
      1,
      1,
      1,
      1,
      1,
      1,
      1,
      1,
      1,
      1,
      1,
      1,
      1,
      1,
      1,
      1,
      1,
      1,
      1,
      1,
      1
    ],
    "data_parameters": [
      0.7306739844461391,
      2.405794087497555,
      1.0231616149336942,
      3.8759901597444735,
      4.773940957503129,
      3.5384404457670526,
      3.2651763178085713,
      4.806705723027738,
      4.711108319299464,
      3.0472658171415623,
      1.8784582658900228,
      1.2530230804408653,
      0.18523547149567357,
      0.22993635496702938,
      2.8007684065632037,
      3.4622884572437056,
      3.1145494914087086,
      5.212132054441803,
      4.986804782104459,
      5.745336141923455,
      6.131562303047208,
      4.677591098463048,
      0.536479057024123,
      3.578391882095568,
      5.480657828235156,
      0.9440696670946277,
      4.573186524904759,
      4.017573803650334,
      0.7680220315878111,
      0.8902383556610737,
      2.5886333444186342,
      1.4710420336935193,
      4.460264225548131,
      -0.42661132746757396,
      4.160068571192913,
      2.4275621007176755,
      5.349284958157743,
      3.5248065285053927,
      4.666977881252845,
      4.649772165923032,
      3.3562902634151524,
      1.6436834004670342,
      0.1859300911987431,
      4.17075893736016,
      3.9200644484951574,
      1.5255513284941709,
      3.7694813858579734,
      3.477222339994719,
      0.41349516317916196,
      4.186028010517238,
      0.9939719485318866,
      -0.18362770460415243,
      6.289866969558609,
      2.1371448026472373,
      0.8064505833250238,
      4.944936194026754,
      0.2715905305449788,
      1.1829715781651173,
      0.9885614035629133,
      4.080429872188986,
      4.045519931730924,
      0.4688593593179717,
      0.06481248631246854,
      5.152554625046916,
      0.34004291488928523,
      2.468318536014681,
      0.1426138811281613,
      2.8455473815799004,
      1.4253063126038112,
      0.5754396715327841,
      5.876532915224516,
      2.696863394104105,
      0.6250165748287677,
      1.4868077470818086,
      4.432923199742428,
      3.0565599718476446,
      5.922495191836055,
      0.2696846757127528
    ],
    "n-qubit": 6,
    "extra": {
      "seed": 4
    }
  }
}