{
  "name": "CompositeSampler",
  "svd-circuit": {
    "directions": [
      0,
      1,
      0,
      2,
      0,
      2,
      0,
      1,
      0,
      1,
      0,
      1,
      2,
      1,
      2,
      1,
      0,
      1,
      2,
      0,
      2,
      1,
      2,
      1,
      1,
      0,
      0,
      1,
      1,
      2,
      1,
      2,
      1,
      2,
      1,
      1,
      1,
      0,
      0,
      2,
      2,
      0,
      0,
      0,
      2,
      1,
      1,
      1,
      0,
      1,
      2,
      0,
      0,
      1,
      1,
      0,
      0,
      1,
      1,
      2,
      0,
      0,
      0,
      0,
      0,
      2,
      0,
      0,
      2,
      1,
      0,
      0
    ],
    "parameters": [
      1.483133889226057,
      4.344933706518989,
      -0.4871691567007142,
      -0.7522217120821821,
      5.91521874482986,
      -0.31966301342782044,
      2.2634855223579042,
      3.872526712403733,
      1.5478501719015891,
      4.788213720060827,
      3.003529725356251,
      0.8395366271220984,
      3.939403893042249,
      6.758112672174429,
      -0.11157612510666289,
      2.9928282540743467,
      2.480489802805998,
      1.086962998034528,
      0.5613787767421226,
      4.365375657576777,
      6.345102950085713,
      3.7405338854709984,
      5.161804376192743,
      -0.297235820046858,
      3.763078045550744,
      3.079689504533205,
      1.3414286203841477,
      0.9683787325355739,
      2.7909437788064024,
      3.0008314059486234,
      2.960888785231767,
      0.7808774253399664,
      1.3444169747198562,
      6.054218056371178,
      3.756566070695031,
      0.05280499699958624,
      4.693179278504603,
      2.1731638528483206,
      5.966261329607148,
      5.213098425663018,
      0.43958013487370745,
      2.5309470297807874,
      0.7674621946700758,
      2.0225591009957182,
      -0.08669465863588541,
      -0.8571266678960346,
      4.315132948761895,
      -0.893779814931495,
      2.021150670281139,
      3.8216174506714915,
      5.160152277367043,
      4.756865535997055,
      2.0303656812393402,
      4.560010869230158,
      0.8572628905225802,
      3.4691412094101985,
      1.949845850790121,
      2.0062066447215807,
      -0.3730290068178155,
      5.996865407229146,
      0.6101111992658916,
      2.122248191472893,
      0.9722379297486169,
      1.6526645730488436,
      4.029173846436921,
      2.910717848293773,
      3.0829555536860314,
      1.007135773404222,
      0.7682654575618837,
      2.873273245894754,
      3.167182092564256,
      2.2964208636224037
    ],
    "extra": {
      "seed": 4
    },
    "n-a": 3,
    "n-b": 2,
    "n-qubit": 6
  },
  "data-circuit": {
    "directions": [
      1,
      1,
      1,
      1,
      1,
      1,
      1,
      1,
      1,
      1,
      1,
      1,
      1,
      1,
      1,
      1,
      1,
      1,
      1,
      1,
      1,
      1,
      1,
      1,
      1,
      1,
      1,
      1,
      1,
      1,
      1,
      1,
      1,
      1,
      1,
      1,
      1,
      1,
      1,
      1,
      1,
      1,
      1,
      1,
      1,
      1,
      1,
      1,
      1,
      1,
      1,
      1,
      1,
      1,
      1,
      1,
      1,
      1,
      1,
      1,
      1,
      1,
      1,
      1,
      1,
      1,
      1,
      1,
      1,
      1,
      1,
      1,
      1,
      1,
      1,
      1,
      1,
      1
    ],
    "data_parameters": [
      0.6033147937298081,
      6.692297975203404,
      5.60001320347005,
      5.9739165783674295,
      5.646245449228029,
      5.623784557257885,
      0.319717637312477,
      3.6222955455393526,
      2.296485300902352,
      4.267276093348058,
      3.7487345163934727,
      2.3313645239519087,
      3.310106089827942,
      3.8801984252545543,
      5.143679395152811,
      7.10075473716706,
      2.5725604459121802,
      4.6759603174948765,
      6.160948595891592,
      1.7914179490389306,
      0.6731720965868421,
      2.897276556162696,
      5.445941562841187,
      2.735819700318289,
      0.7604492205646787,
      4.106764463458359,
      1.8893011729485965,
      5.796201378698453,
      2.2828794788855085,
      5.1422638419853754,
      1.7564440895061737,
      7.513256498569188,
      0.6706950120851958,
      5.224611589489719,
      3.46018645397451,
      1.6656933088260277,
      0.545101189430915,
      3.327666501042297,
      6.0918020739355265,
      5.525520715211852,
      5.541525049849673,
      2.7165258210567065,
      1.584573283897977,
      3.3344366784621378,
      4.988649447971486,
      2.620622175151259,
      6.28784941033629,
      0.540144566921273,
      1.1578711393871954,
      -0.029553894395601396,
      1.5532142792821282,
      0.45924789394082266,
      1.8220353697707365,
      2.721317767888425,
      6.85665977410147,
      2.7899792351938926,
      4.197637479501227,
      2.4482530538763934,
      0.7393681334516903,
      2.8009970469935115,
      5.7465591801267095,
      1.7892409505541844,
      3.956966211365137,
      0.7670482598590345,
      3.8314293234991093,
      2.448902840920409,
      1.2047590314578642,
      -0.4968644875464153,
      5.7200616110995535,
      3.4699660638896668,
      0.5269848900085271,
      6.786565216066615,
      1.010104595225425,
      0.4625259033682758,
      -0.5762413267808116,
      2.275324777710749,
      4.159485051397853,
      6.274521363075195
    ],
    "n-qubit": 6,
    "extra": {
      "seed": 4
    }
  }
}