{
  "name": "CompositeSampler",
  "svd-circuit": {
    "directions": [
      0,
      1,
      1,
      0,
      0,
      1,
      0,
      1,
      0,
      0,
      0,
      2,
      1,
      1,
      2,
      1,
      2,
      0,
      1,
      0,
      2,
      0,
      2,
      0,
      2,
      2,
      1,
      2,
      1,
      1,
      2,
      0,
      2,
      1,
      1,
      2,
      2,
      1,
      0,
      2,
      1,
      0,
      1,
      2,
      1,
      0,
      0,
      2,
      2,
      2,
      2,
      1,
      2,
      0,
      2,
      0,
      2,
      0,
      1,
      0
    ],
    "parameters": [
      0.8442354444173306,
      0.729769397214365,
      5.143148442335469,
      4.859720434103972,
      0.02129526475541544,
      4.668718162857626,
      2.7191556824922216,
      3.083318029023523,
      4.700151314328608,
      4.4799676187198045,
      4.2814022393273135,
      -0.8455942750954178,
      3.401794894179865,
      3.6408351763459037,
      4.152896068390828,
      1.5388100558870645,
      5.180989251538272,
      1.7245562732652264,
      4.252764800771316,
      5.719249876539996,
      1.7947992379362623,
      4.610117881924855,
      0.44811235547515593,
      5.6632468747615565,
      4.669328177846215,
      6.230546306716146,
      4.713184403936156,
      4.655693219666371,
      0.899070138712891,
      3.3902968225919095,
      5.316815186442071,
      1.5914632772114785,
      3.121467632652557,
      5.907670435735226,
      2.5291412548381316,
      2.9898388630217374,
      4.874731722985192,
      1.702839729191313,
      3.4554951546106323,
      4.717257829805612,
      4.0004954352864335,
      -0.029197835750849277,
      2.94882541494197,
      4.062363471595576,
      4.317439585314068,
      3.8037654838271817,
      2.0131576849684003,
      3.1446681846326983,
      5.7810735693045245,
      1.1016891036686691,
      0.69109874439881,
      0.26100140081214646,
      2.612940349322659,
      4.850737281285597,
      2.410793063891828,
      4.66402132168047,
      3.2589516607897253,
      -0.2807321632075908,
      1.5036881359378305,
      2.4184097640665434
    ],
    "extra": {
      "seed": 1
    },
    "n-a": 3,
    "n-b": 2,
    "n-qubit": 6
  },
  "data-circuit": {
    "directions": [
      1,
      1,
      1,
      1,
      1,
      1,
      1,
      1,
      1,
      1,
      1,
      1,
      1,
      1,
      1,
      1,
      1,
      1,
      1,
      1,
      1,
      1,
      1,
      1,
      1,
      1,
      1,
      1,
      1,
      1,
      1,
      1,
      1,
      1,
      1,
      1,
      1,
      1,
      1,
      1,
      1,
      1,
      1,
      1,
      1,
      1,
      1,
      1,
      1,
      1,
      1,
      1,
      1,
      1,
      1,
      1,
      1,
      1,
      1,
      1,
      1,
      1,
      1,
      1,
      1,
      1,
      1,
      1,
      1,
      1,
      1,
      1,
      1,
      1,
      1,
      1,
      1,
      1
    ],
    "data_parameters": [
      0.23200786154332384,
      4.390224215146243,
      3.1537721112476733,
      0.7219965523510855,
      0.4250816014180756,
      6.26509680781238,
      2.813048174831133,
      1.9087559945897683,
      3.818193073262849,
      5.6819849839822565,
      2.0130286796762307,
      5.976111158243065,
      2.1318845764960845,
      5.9553631114366645,
      4.3936691893283575,
      0.26768352141082913,
      5.820327539925257,
      1.3514994272653194,
      0.7496357600845467,
      3.250816506069074,
      5.815339436277927,
      0.002131833175972365,
      5.5719046405009225,
      4.3984157073971994,
      4.511799068116424,
      2.4549097884183935,
      2.053062614857937,
      1.4697240452510696,
      2.7590593886349466,
      1.3625793956901766,
      -0.008304498714174536,
      2.593324693287004,
      -0.12375007573228435,
      4.465549579349111,
      1.0893793113166335,
      1.805416492377886,
      2.618198337191521,
      4.915432345340188,
      4.614353110231481,
      5.250998601268761,
      1.8475806262247083,
      4.438371849867564,
      5.79315066308191,
      3.45442420727372,
      6.191682931544881,
      4.203315968922377,
      1.4577775750260757,
      1.6694122032811536,
      4.960995073375574,
      1.1204251165058692,
      5.8989840706099095,
      6.471461731065777,
      5.139099809283058,
      0.6228229274532454,
      0.8390380063384553,
      5.127148105216191,
      1.3072259052487338,
      2.351114744524047,
      3.6562476432096003,
      4.497501692145559,
      2.6139191664161836,
      2.6163863776307825,
      3.78382111070859,
      2.97126940034064,
      4.227553449148403,
      2.1415349371771817,
      0.08022784523587803,
      0.5196912895072158,
      1.149058078508855,
      3.634834888812451,
      1.965747660163723,
      1.342787635783039,
      5.206591762566811,
      1.144360440242483,
      5.283132238974031,
      3.3382631509733054,
      3.6493281547539644,
      6.127626748208707
    ],
    "n-qubit": 6,
    "extra": {
      "seed": 1
    }
  }
}