{
  "name": "CompositeSampler",
  "svd-circuit": {
    "directions": [
      0,
      1,
      2,
      1,
      0,
      2,
      1,
      2,
      2,
      2,
      2,
      0,
      1,
      1,
      1,
      2,
      0,
      0,
      0,
      2,
      2,
      0,
      1,
      2,
      1,
      1,
      1,
      1,
      1,
      0,
      1,
      1,
      1,
      1,
      2,
      2,
      2,
      1,
      0,
      2,
      1,
      2,
      2,
      2,
      1,
      0,
      1,
      2,
      1,
      0,
      0,
      2,
      2,
      0,
      0,
      0,
      0,
      2,
      0,
      0,
      0,
      0,
      2,
      1,
      0,
      2,
      1,
      0,
      0,
      2,
      2,
      1
    ],
    "parameters": [
      6.0069404902946655,
      -0.2797978820050372,
      5.439886872233627,
      3.561979904684704,
      1.8731160900875028,
      3.33143412842378,
      4.280396020118044,
      2.9510622599127343,
      4.88523351535954,
      6.181533947421962,
      4.462123529987514,
      1.3202420099004393,
      5.472861548918653,
      4.444566317539196,
      5.664617963258501,
      5.635397391039,
      0.3738912583279891,
      1.1184428454490616,
      1.1103643873140343,
      0.9470643612425073,
      2.2862885459823823,
      4.530893186768503,
      5.241181913050324,
      5.197064785182329,
      3.3009701540327847,
      4.341770431847564,
      2.0529199797712394,
      0.6941885532827271,
      4.085897858480541,
      4.680048961507826,
      3.078848274082568,
      1.572605412301847,
      3.411686811026051,
      4.683389945559539,
      0.37570238077387713,
      6.738567260126164,
      2.8685952631486797,
      1.6765855884063672,
      5.440635309602327,
      5.575160698214288,
      0.48578416346510245,
      1.4741678515728216,
      5.22175325118143,
      3.4025513852402267,
      4.13430305521588,
      0.6287027079033394,
      2.9815768643701537,
      6.05858960073696,
      5.542206396042146,
      5.0997952832107,
      5.565808099819147,
      0.3684024810994742,
      -0.6597123209458776,
      0.7713437076389527,
      4.739845144976694,
      5.00290956532726,
      5.775103542090876,
      1.6792351143931374,
      3.7597531229336703,
      1.6242256817797165,
      1.567665385906038,
      -0.31299288089481314,
      0.7397161363915915,
      4.567420117632343,
      1.6172713839268695,
      4.235192729019021,
      4.344793900710481,
      3.2601561323793096,
      1.4038715933966244,
      0.026364885152114843,
      3.9443089699259857,
      0.2327705238927712
    ],
    "extra": {
      "seed": 2
    },
    "n-a": 3,
    "n-b": 2,
    "n-qubit": 6
  },
  "data-circuit": {
    "directions": [
      1,
      1,
      1,
      1,
      1,
      1,
      1,
      1,
      1,
      1,
      1,
      1,
      1,
      1,
      1,
      1,
      1,
      1,
      1,
      1,
      1,
      1,
      1,
      1,
      1,
      1,
      1,
      1,
      1,
      1,
      1,
      1,
      1,
      1,
      1,
      1,
      1,
      1,
      1,
      1,
      1,
      1,
      1,
      1,
      1,
      1,
      1,
      1,
      1,
      1,
      1,
      1,
      1,
      1,
      1,
      1,
      1,
      1,
      1,
      1,
      1,
      1,
      1,
      1,
      1,
      1,
      1,
      1,
      1,
      1,
      1,
      1
    ],
    "data_parameters": [
      5.222315192183369,
      4.807399674966656,
      3.2935039557959334,
      1.9665931647073804,
      -0.11328340353376525,
      4.737709198850111,
      3.268317557011134,
      4.71359735408294,
      2.488493390402902,
      5.179016729831612,
      1.9294341343849317,
      4.9876468342401346,
      4.29967655080472,
      3.0551284187280876,
      3.012833957523733,
      4.430938365793827,
      1.5134413269365654,
      3.375593777543351,
      5.579048190623793,
      1.2767234644032392,
      4.723690867648038,
      4.58496335481567,
      5.508520257736334,
      1.9850792019496428,
      0.8560669749796749,
      5.0614750963787145,
      5.457057663638148,
      2.1124999366565915,
      0.9088145893867465,
      1.3036842839964295,
      3.7866184656787945,
      2.164779888224988,
      6.098750898636451,
      3.9656780917101626,
      1.3028390604940183,
      3.6572136881032207,
      2.3835513319458483,
      5.859718730354404,
      6.321431905947714,
      2.737786612509394,
      4.348551070983445,
      4.345538449509927,
      4.830494418641609,
      5.978411010636727,
      0.08810353532834944,
      2.375387654436633,
      4.01934541747273,
      2.125167516706585,
      3.939118750429909,
      0.37136478391044014,
      6.03182769505221,
      3.6166693320349554,
      0.5620920723870375,
      4.180631462614078,
      1.923230934763419,
      1.0953737568569506,
      2.9783541098100046,
      1.1413653356956124,
      1.6885835473810265,
      5.665488500916958,
      4.123146816884842,
      0.07972566201982105,
      4.994874879213269,
      -0.09744124612592531,
      2.242006579490646,
      5.551134269386383,
      4.524036340565054,
      1.831082212758217,
      2.5399062105168544,
      2.373677184531358,
      1.0427001339306166,
      6.499732902076903
    ],
    "n-qubit": 6,
    "extra": {
      "seed": 2
    }
  }
}