{
  "name": "CompositeSampler",
  "svd-circuit": {
    "directions": [
      0,
      1,
      1,
      0,
      0,
      1,
      0,
      1,
      0,
      0,
      0,
      2,
      1,
      1,
      2,
      1,
      2,
      0,
      1,
      0,
      2,
      0,
      2,
      0,
      2,
      2,
      1,
      2,
      1,
      1,
      2,
      0,
      2,
      1,
      1,
      2,
      2,
      1,
      0,
      2,
      1,
      0,
      1,
      2,
      1,
      0,
      0,
      2,
      2,
      2,
      2,
      1,
      2,
      0,
      2,
      0,
      2,
      0,
      1,
      0
    ],
    "parameters": [
      0.8442354444173306,
      1.7490778786502086,
      4.988285417245168,
      3.0381513763614523,
      0.02333501724658119,
      4.531214477127311,
      2.7191556824922216,
      3.370019381555816,
      5.861830800217068,
      2.65839856097727,
      6.383754406785642,
      0.26425259965590725,
      3.401794894179865,
      5.108145574046278,
      4.201195327350546,
      2.068473694084117,
      5.6686985585993375,
      1.9439292077657202,
      4.252764800771316,
      5.397433061065158,
      3.589266520012101,
      5.044600716095913,
      0.9358216625361786,
      5.8826198092620485,
      4.669328177846215,
      6.217335322074971,
      6.444800553495291,
      2.994625766756273,
      0.9541890024544328,
      2.0663591455538817,
      5.316815186442071,
      0.5852990621179532,
      2.70803010982792,
      6.195745366195154,
      4.214825561066664,
      2.138358433192715,
      4.874731722985192,
      1.6106423669222938,
      3.8183919855094213,
      5.154833922926241,
      4.192679487421595,
      2.785437976792214,
      2.94882541494197,
      3.3094148961067638,
      4.871569565393675,
      1.6946432052653295,
      2.4450552755626282,
      4.600287311275915,
      5.7810735693045245,
      0.3487405281813949,
      0.7910604022661928,
      1.2707868017491484,
      3.2575563308713913,
      6.220166473982377,
      2.410793063891828,
      3.3133519153961455,
      3.2589515708817567,
      1.8427397914163433,
      2.7886334297137743,
      3.7878389567632027
    ],
    "extra": {
      "seed": 1
    },
    "n-a": 3,
    "n-b": 2,
    "n-qubit": 6
  },
  "data-circuit": {
    "directions": [
      1,
      1,
      1,
      1,
      1,
      1,
      1,
      1,
      1,
      1,
      1,
      1,
      1,
      1,
      1,
      1,
      1,
      1,
      1,
      1,
      1,
      1,
      1,
      1,
      1,
      1,
      1,
      1,
      1,
      1,
      1,
      1,
      1,
      1,
      1,
      1,
      1,
      1,
      1,
      1,
      1,
      1,
      1,
      1,
      1,
      1,
      1,
      1,
      1,
      1,
      1,
      1,
      1,
      1,
      1,
      1,
      1,
      1,
      1,
      1,
      1,
      1,
      1,
      1,
      1,
      1,
      1,
      1,
      1,
      1,
      1,
      1,
      1,
      1,
      1,
      1,
      1,
      1
    ],
    "data_parameters": [
      0.3517904310661038,
      4.389202861522575,
      3.3336946167693298,
      0.9877694450165632,
      0.5250316565947863,
      6.031728497603067,
      2.7944992299269753,
      2.000334820389878,
      3.7464924840663367,
      5.730958664692729,
      1.9520070953129778,
      6.261214044661065,
      2.1191762335154567,
      5.907898539795705,
      4.348485584032866,
      0.21668415339973013,
      5.9317915141742805,
      1.259948983932104,
      0.8423778872049823,
      3.1316058024998155,
      5.842567876405958,
      0.1599640468140583,
      5.65696383717716,
      4.613462049566324,
      4.441422842694315,
      2.348021634281693,
      1.8865011295178111,
      1.4796029558933803,
      2.7481291182562293,
      1.3667765816733162,
      -0.12722291496190213,
      2.5676781173764653,
      -0.07287506059969273,
      4.55668006383984,
      0.9223381556509567,
      2.0226857206086506,
      2.602759644194116,
      4.960058098397733,
      4.395356465442796,
      5.431991682601676,
      1.9617942575683018,
      4.368855907968778,
      5.921490707468765,
      3.403188850727495,
      6.089836032072838,
      4.31762548533953,
      1.6787715082750791,
      1.6641303683891855,
      5.052101055008956,
      0.8713374341247003,
      5.905551334715152,
      6.417458821863086,
      4.954344581808451,
      0.4704821537891394,
      0.8746328489615744,
      5.221209814897363,
      1.4409750474571694,
      2.3713198812259773,
      3.7071144333986177,
      4.291722256983965,
      2.708626254749456,
      2.496658253153957,
      3.6862581534122545,
      3.129347338416161,
      4.3104543544802585,
      1.9333683808900122,
      0.14915126225075812,
      0.5982739298545057,
      1.2696313052472221,
      3.6309476814125228,
      1.9113160816228845,
      1.4750388266503343,
      5.219992060882046,
      1.0582453740352744,
      5.433616615859168,
      3.5316854535699544,
      3.735894686600934,
      6.184043136605013
    ],
    "n-qubit": 6,
    "extra": {
      "seed": 1
    }
  }
}