{
  "name": "CompositeSampler",
  "svd-circuit": {
    "directions": [
      0,
      1,
      2,
      1,
      0,
      2,
      1,
      2,
      2,
      2,
      2,
      0,
      1,
      1,
      1,
      2,
      0,
      0,
      0,
      2,
      2,
      0,
      1,
      2,
      1,
      1,
      1,
      1,
      1,
      0,
      1,
      1,
      1,
      1,
      2,
      2,
      2,
      1,
      0,
      2,
      1,
      2,
      2,
      2,
      1,
      0,
      1,
      2,
      1,
      0,
      0,
      2,
      2,
      0,
      0,
      0,
      0,
      2,
      0,
      0,
      0,
      0,
      2,
      1,
      0,
      2,
      1,
      0,
      0,
      2,
      2,
      1
    ],
    "parameters": [
      6.0069404902946655,
      1.0235864045696723,
      3.790384928023587,
      4.032950498863955,
      2.048471427443265,
      4.88953809819276,
      4.280396020118044,
      3.799817165955537,
      4.601606958523783,
      6.387719157882946,
      4.382888896637726,
      0.6645173842377162,
      5.472861548918653,
      2.431686664470567,
      5.227155462271474,
      5.586171805297583,
      -0.22928024879379091,
      0.46271821978616734,
      1.1103643873140343,
      1.2274779747849245,
      2.262402508651767,
      2.5834869374559943,
      6.40464295826298,
      5.534678559956579,
      3.3009701540327847,
      5.745655186330585,
      2.594794489575019,
      0.9427838145212081,
      3.30254286430238,
      2.9461584453157075,
      3.078848274082568,
      4.228577374574265,
      4.134627621022743,
      5.896838562624952,
      1.5274783416384097,
      4.932494796282581,
      2.8685952631486797,
      2.226941705372297,
      4.42567959980946,
      6.674409866069172,
      1.5733842835379621,
      2.4167589160139706,
      5.22175325118143,
      1.471429787079008,
      2.3912489328319304,
      3.0178479999017593,
      1.3329290229158761,
      4.406433964044458,
      5.542206396042146,
      5.478373713710479,
      4.511834711208472,
      0.5327711344924347,
      -0.7491314474182067,
      1.7191378641481685,
      4.739845144976694,
      4.24682313279516,
      4.1301404377549575,
      2.627736653441178,
      4.4569520004585605,
      2.5720198382890045,
      1.567665385906038,
      -0.5372137402985383,
      -0.7048594568815314,
      5.6937290590638145,
      1.6640489661265736,
      5.0741033105946025,
      4.344793900710481,
      3.542848436466156,
      1.1821431216281995,
      0.026364968256278456,
      3.9443090173501183,
      0.1161208591284094
    ],
    "extra": {
      "seed": 2
    },
    "n-a": 3,
    "n-b": 2,
    "n-qubit": 6
  },
  "data-circuit": {
    "directions": [
      1,
      1,
      1,
      1,
      1,
      1,
      1,
      1,
      1,
      1,
      1,
      1,
      1,
      1,
      1,
      1,
      1,
      1,
      1,
      1,
      1,
      1,
      1,
      1,
      1,
      1,
      1,
      1,
      1,
      1,
      1,
      1,
      1,
      1,
      1,
      1,
      1,
      1,
      1,
      1,
      1,
      1,
      1,
      1,
      1,
      1,
      1,
      1,
      1,
      1,
      1,
      1,
      1,
      1,
      1,
      1,
      1,
      1,
      1,
      1,
      1,
      1,
      1,
      1,
      1,
      1,
      1,
      1,
      1,
      1,
      1,
      1
    ],
    "data_parameters": [
      0.7954902936415567,
      3.972334309099165,
      5.524912480955226,
      -0.016911499047623776,
      5.785324882554309,
      3.4881739082518917,
      0.9836421096772587,
      4.369859376204888,
      3.2214941101638472,
      2.114880806687552,
      1.360193650146822,
      2.6961624053919517,
      1.4505586530830603,
      3.4002324042684604,
      2.022452528531786,
      4.977789844380486,
      3.2338278995109926,
      2.7034746771517075,
      5.856547278101333,
      5.286098361510447,
      1.2335253681432483,
      3.2683937395017164,
      1.5897189627798627,
      4.048918412403561,
      0.8359384753304159,
      1.4613014493132288,
      3.482265484805172,
      2.1670436035612664,
      1.4248005218273898,
      6.280260143576611,
      3.208836101033133,
      1.3259218971650089,
      0.36865577434508096,
      3.647264256034967,
      3.8631912674686086,
      5.778365207132982,
      0.4522231543226442,
      2.425230549283535,
      4.754670717039194,
      2.9228585445673336,
      1.1736537820877293,
      6.053749539251715,
      1.930791181932429,
      4.120639767586439,
      3.257430673118231,
      1.9219440798650431,
      5.933155101282035,
      3.4614288450627524,
      2.969693796164503,
      4.484336029418393,
      6.359174057443671,
      1.5041707388918582,
      5.330368487633902,
      4.86942006297023,
      5.943971457104752,
      3.409666584609636,
      6.454834228166294,
      5.142783523799128,
      4.25834922778648,
      6.478327123811545,
      -0.09642019546754373,
      2.8470397930263,
      0.3105395071191146,
      2.9029688903166004,
      5.378946932390667,
      4.945418828071324,
      2.647114928902059,
      4.439516725829451,
      2.2149156480547982,
      1.920081116579076,
      4.752320445492038,
      4.903160519750543
    ],
    "n-qubit": 6,
    "extra": {
      "seed": 2
    }
  }
}