{
  "name": "ParametrizedQiskitSampler",
  "directions": [
    1,
    1,
    1,
    1,
    1,
    1,
    1,
    1,
    1,
    1,
    1,
    1,
    1,
    1,
    1,
    1,
    1,
    1,
    1,
    1,
    1,
    1,
    1,
    1,
    1,
    1,
    1,
    1,
    1,
    1,
    1,
    1,
    1,
    1,
    1,
    1,
    1,
    1,
    1,
    1,
    1,
    1,
    1,
    1,
    1,
    1,
    1,
    1,
    1,
    1,
    1,
    1,
    1,
    1,
    1,
    1,
    1,
    1,
    1,
    1,
    1,
    1,
    1,
    1,
    1,
    1,
    1,
    1,
    1,
    1,
    1,
    1,
    1,
    1,
    1,
    1,
    1,
    1
  ],
  "parameters": [
    2.7660334345381843,
    3.190009936486944,
    4.9310684174306685,
    5.424438858368545,
    5.331633677822259,
    1.743743392044928,
    6.436966661682251,
    3.023204171600698,
    1.6876680165720745,
    0.5416721910635959,
    3.3014597462521937,
    0.9291929508076829,
    2.0484800256597624,
    4.028056487090305,
    5.2264738751493764,
    4.607759736668336,
    0.9782067407446463,
    0.45881605504319967,
    1.9344871282397351,
    3.182578802530217,
    5.4390526683839715,
    5.093103230261047,
    5.643440721372528,
    3.738810284220358,
    4.29583940604122,
    1.90102828210456,
    1.765897740075828,
    1.4957584525775685,
    3.5269435651709253,
    4.045065975607846,
    3.8884402212248452,
    2.285124402872654,
    2.362817840620245,
    1.6018910126813786,
    5.466065172266986,
    3.6151149302964827,
    0.4305133516028587,
    -0.38195883225659033,
    -0.06933982451166684,
    0.34649526710809175,
    -0.3554892822178389,
    0.27058326015877837,
    -3.594561790351782,
    -2.633616314126465,
    -2.5542160098356397,
    -1.5459329007633313,
    -4.799499767896377,
    -3.7255082719648778,
    -3.778067119920719,
    -1.726789132877367,
    -2.3178112049482795,
    -1.149815945288321,
    -3.3758768044029797,
    -3.6692662148895048,
    -1.197041555173658,
    -3.2290920724462446,
    -5.255178415370348,
    -5.181075775643666,
    -6.322839851340565,
    -3.831015263366947,
    -1.7361935264672912,
    -3.5966226074607577,
    -4.6256714517534725,
    -4.580360453552261,
    -0.23038460317047216,
    -0.22475088353626718,
    -5.5371306778540665,
    -2.6211381455780502,
    -2.098498009722394,
    -0.9616033693486282,
    -3.126642528366687,
    -1.045647535213816,
    -3.3968691724133357,
    -4.247765807367435,
    -5.605976038554491,
    -5.807111193511732,
    -6.175441451237753,
    -2.395568994681398
  ],
  "circuit": "idblock",
  "extra": {
    "final-energy": 0.03308640198728329,
    "layer": 13,
    "training-method": "AAE"
  },
  "n_qubit": 6
}