{
  "name": "ParametrizedQiskitSampler",
  "directions": [
    1,
    1,
    1,
    1,
    1,
    1,
    1,
    1,
    1,
    1,
    1,
    1,
    1,
    1,
    1,
    1,
    1,
    1,
    1,
    1,
    1,
    1,
    1,
    1,
    1,
    1,
    1,
    1,
    1,
    1,
    1,
    1,
    1,
    1,
    1,
    1,
    1,
    1,
    1,
    1,
    1,
    1,
    1,
    1,
    1,
    1,
    1,
    1,
    1,
    1,
    1,
    1,
    1,
    1,
    1,
    1,
    1,
    1,
    1,
    1,
    1,
    1,
    1,
    1,
    1,
    1,
    1,
    1,
    1,
    1,
    1,
    1,
    1,
    1,
    1,
    1,
    1,
    1
  ],
  "parameters": [
    1.218545562238071,
    3.4308098724601948,
    0.8947466104530608,
    2.6777077920830217,
    4.088909946464418,
    0.12387004964567722,
    -0.427770999461259,
    7.532659262706225,
    2.5476608910749032,
    1.1289891237323162,
    6.589986831200194,
    2.799008357493735,
    6.3220644722136985,
    1.952345488880058,
    3.3305591889643686,
    2.0214978825346472,
    4.963726663669787,
    6.226068279126875,
    3.460086656321446,
    4.113356665593186,
    3.9465702737029624,
    -0.5949118356516748,
    4.254151615898256,
    4.0682066836459985,
    1.1502145583073031,
    -0.79186007508876,
    3.8340436183780024,
    2.5384549160749557,
    4.804048488056238,
    4.9381614611356355,
    4.705485749643581,
    4.413405290490298,
    2.402814641763259,
    4.55684976577866,
    2.867931908934994,
    6.181326112243172,
    0.082932814218398,
    1.8052958373328059,
    -0.07418176222074832,
    0.1578056737770348,
    0.06368109579593306,
    0.2081830217076791,
    -5.597834004830021,
    -6.073051088201797,
    -1.4978224977550787,
    -4.502611223095174,
    -3.34510715100043,
    -6.612534378425656,
    -2.449050681651769,
    -0.2753028384855375,
    -6.253731372862227,
    -2.7692774619930765,
    -4.6283309853786045,
    -5.92680100950728,
    -3.2012866090688297,
    -4.392625878968921,
    -4.283752156748957,
    -0.2962518453195224,
    -4.51262048425245,
    -5.253024027995209,
    -5.465154422208544,
    -3.5325174940959263,
    -4.417261397477943,
    -1.3377088051211292,
    -3.6007284218303126,
    -4.687256924143232,
    0.8987648127806452,
    -4.958781475320438,
    -1.7965537305357564,
    -2.2242772569186635,
    -6.002857922094574,
    -3.0447058384314074,
    -0.403206869263319,
    -4.150481773211602,
    -1.7916091563007523,
    -5.103225329348999,
    -3.44854520307469,
    -0.466671535622906
  ],
  "circuit": "idblock",
  "extra": {
    "final-energy": 0.023320866016257713,
    "layer": 13,
    "training-method": "AAE"
  },
  "n_qubit": 6
}