{
  "name": "CompositeSampler",
  "svd-circuit": {
    "directions": [
      0,
      1,
      1,
      0,
      0,
      1,
      0,
      1,
      0,
      0,
      0,
      2,
      1,
      1,
      2,
      1,
      2,
      0,
      1,
      0,
      2,
      0,
      2,
      0,
      2,
      2,
      1,
      2,
      1,
      1,
      2,
      0,
      2,
      1,
      1,
      2,
      2,
      1,
      0,
      2,
      1,
      0,
      1,
      2,
      1,
      0,
      0,
      2,
      2,
      2,
      2,
      1,
      2,
      0,
      2,
      0,
      2,
      0,
      1,
      0,
      1,
      1,
      0,
      2,
      1,
      0,
      2,
      2,
      0,
      1,
      2,
      0
    ],
    "parameters": [
      0.8442354444173306,
      1.5964244051478276,
      4.1556715760396905,
      4.055728980326659,
      -0.021236261137085963,
      4.393405999184255,
      2.7191556824922216,
      4.636898567979653,
      4.6606481225031215,
      3.675976164942409,
      6.0321844152206525,
      -0.31867249168918554,
      3.401794894179865,
      4.33207130630971,
      4.547164522256186,
      1.3810094552390393,
      5.480014661970692,
      1.2257265260307624,
      4.252764800771316,
      5.508975157327349,
      1.7116581011652277,
      6.103447421192341,
      0.7471377659074436,
      5.164417127527049,
      4.669328177846215,
      5.599686564060737,
      5.193446169095526,
      4.029074735661916,
      0.5691044122686149,
      3.057006526456738,
      5.316815186442071,
      1.642883290452469,
      3.012295883129029,
      4.193612718777622,
      4.967207515523739,
      4.473789252767825,
      4.874731722985192,
      1.9399404750348292,
      3.056757149003476,
      3.9987294598147876,
      4.308838534988136,
      1.458463719390234,
      2.94882541494197,
      4.0077916691075295,
      3.336137554692479,
      5.476897414402432,
      3.127293853070673,
      3.4274438690525333,
      5.7810735693045245,
      1.0471173011822361,
      2.840091987375762,
      1.2856696775253902,
      3.432202898064005,
      5.484666314904706,
      2.410793063891828,
      3.7462758001260563,
      3.5704700103712916,
      1.3207462793672653,
      3.234372913821051,
      3.0523387976857577,
      5.912562268091905,
      2.6666790799200495,
      2.2269436390199213,
      2.486611017566961,
      4.242291027014694,
      2.3495486008895874,
      5.055259163703641,
      1.1134512068735258,
      0.9616793141985802,
      5.734384862111102,
      0.2039467399335349,
      -0.08640041528542751
    ],
    "extra": {},
    "n-a": 3,
    "n-b": 2,
    "n-qubit": 6
  },
  "data-circuit": {
    "directions": [
      1,
      1,
      1,
      1,
      1,
      1,
      1,
      1,
      1,
      1,
      1,
      1,
      1,
      1,
      1,
      1,
      1,
      1,
      1,
      1,
      1,
      1,
      1,
      1,
      1,
      1,
      1,
      1,
      1,
      1,
      1,
      1,
      1,
      1,
      1,
      1,
      1,
      1,
      1,
      1,
      1,
      1,
      1,
      1,
      1,
      1,
      1,
      1,
      1,
      1,
      1,
      1,
      1,
      1,
      1,
      1,
      1,
      1,
      1,
      1,
      1,
      1,
      1,
      1,
      1,
      1,
      1,
      1,
      1,
      1,
      1,
      1
    ],
    "data_parameters": [
      0.5582003045791789,
      5.384607385842717,
      4.859117527936711,
      1.7434695960256443,
      2.516272346645761,
      2.5617521687425673,
      4.901158996931022,
      4.7195058573583815,
      1.6738474930255343,
      0.3915889354511269,
      4.236564142671388,
      2.776060757353916,
      4.883630771101655,
      -0.15855336767945294,
      3.627879063800429,
      5.081708557900901,
      0.45968979582963154,
      6.677968386572749,
      4.849083667912906,
      1.5685066867595439,
      0.7920768858633698,
      3.1885211203146833,
      6.605429351085315,
      3.209832561542001,
      0.46974770044165265,
      2.1769621133560464,
      1.061855935985326,
      0.9538500243560536,
      1.7261325995637598,
      3.685187578931216,
      -0.09804882232515279,
      1.8048285463979765,
      2.1647421820986907,
      2.218953318751809,
      2.0627613394756943,
      -0.2208464139928175,
      5.027494741876597,
      2.4374766446987532,
      4.414823233667014,
      0.8435742825775577,
      3.5063667899462345,
      5.892039547792904,
      -0.18543632063037863,
      1.7354183544245056,
      4.533457613632105,
      5.184709776633132,
      5.641605498537431,
      2.567615805252612,
      5.044089329961184,
      4.339552364817077,
      1.8231504940079013,
      3.5857737463354082,
      4.09270577577175,
      3.961745541687938,
      2.1154425102467727,
      4.714136597630443,
      1.2275870129631627,
      1.9885179263989219,
      2.4419212344281798,
      1.9384801289659888,
      0.015526544448253818,
      3.758980201527216,
      4.849245763867462,
      5.121362675787481,
      3.5654539347378535,
      2.3877651237155137,
      3.521384380784385,
      4.107159744298521,
      1.4918279798261902,
      1.656911141290642,
      5.1205077829555945,
      -0.9111679696420829
    ],
    "n-qubit": 6,
    "extra": {}
  }
}