{
  "name": "CompositeSampler",
  "svd-circuit": {
    "directions": [
      0,
      1,
      1,
      0,
      0,
      1,
      0,
      1,
      0,
      0,
      0,
      2,
      1,
      1,
      2,
      1,
      2,
      0,
      1,
      0,
      2,
      0,
      2,
      0,
      2,
      2,
      1,
      2,
      1,
      1,
      2,
      0,
      2,
      1,
      1,
      2,
      2,
      1,
      0,
      2,
      1,
      0,
      1,
      2,
      1,
      0,
      0,
      2,
      2,
      2,
      2,
      1,
      2,
      0,
      2,
      0,
      2,
      0,
      1,
      0
    ],
    "parameters": [
      0.8442354444173306,
      1.6810962113653831,
      4.231975548847388,
      2.5501803764501587,
      -0.20576300065982012,
      5.79571547483011,
      2.7191556824922216,
      5.817432804254477,
      4.703254169827854,
      2.1704275610658827,
      5.063483727230918,
      -1.5882466921848932,
      3.401794894179865,
      4.24932753125355,
      3.833410451835649,
      0.8316087048741875,
      5.39185676455903,
      1.2927181704243424,
      4.252764800771316,
      7.148452548339713,
      2.0010828288244173,
      7.837319233583142,
      0.6589798684951854,
      5.231408771920486,
      4.669328177846215,
      4.657916523029399,
      4.601439550964663,
      1.9639012525071409,
      0.04304503253104438,
      4.248833607906376,
      5.316815186442071,
      1.5808449826007689,
      1.6986484096254257,
      4.627358005560711,
      4.1903571058080935,
      2.8489263283119164,
      4.874731722985192,
      1.5107692596863558,
      3.469244830458593,
      5.464675064408206,
      5.370140330403559,
      2.9910108284169943,
      2.94882541494197,
      3.6811780497772153,
      2.892918971039792,
      2.391009716350976,
      3.296850472306268,
      4.438708899799597,
      5.7810735693045245,
      0.7205036818518507,
      1.1682304646697446,
      1.1378805907860783,
      3.667021554853317,
      5.896360030432756,
      2.410793063891828,
      1.5460817043826636,
      3.258951824175062,
      3.5390464688972516,
      3.8697549425005553,
      3.464032513213665
    ],
    "extra": {
      "seed": 1
    },
    "n-a": 3,
    "n-b": 2,
    "n-qubit": 6
  },
  "data-circuit": {
    "directions": [
      1,
      1,
      1,
      1,
      1,
      1,
      1,
      1,
      1,
      1,
      1,
      1,
      1,
      1,
      1,
      1,
      1,
      1,
      1,
      1,
      1,
      1,
      1,
      1,
      1,
      1,
      1,
      1,
      1,
      1,
      1,
      1,
      1,
      1,
      1,
      1,
      1,
      1,
      1,
      1,
      1,
      1,
      1,
      1,
      1,
      1,
      1,
      1,
      1,
      1,
      1,
      1,
      1,
      1,
      1,
      1,
      1,
      1,
      1,
      1,
      1,
      1,
      1,
      1,
      1,
      1,
      1,
      1,
      1,
      1,
      1,
      1
    ],
    "data_parameters": [
      0.5582003045791789,
      5.384607385842717,
      4.859117527936711,
      1.7434695960256443,
      2.516272346645761,
      2.5617521687425673,
      4.901158996931022,
      4.7195058573583815,
      1.6738474930255343,
      0.3915889354511269,
      4.236564142671388,
      2.776060757353916,
      4.883630771101655,
      -0.15855336767945294,
      3.627879063800429,
      5.081708557900901,
      0.45968979582963154,
      6.677968386572749,
      4.849083667912906,
      1.5685066867595439,
      0.7920768858633698,
      3.1885211203146833,
      6.605429351085315,
      3.209832561542001,
      0.46974770044165265,
      2.1769621133560464,
      1.061855935985326,
      0.9538500243560536,
      1.7261325995637598,
      3.685187578931216,
      -0.09804882232515279,
      1.8048285463979765,
      2.1647421820986907,
      2.218953318751809,
      2.0627613394756943,
      -0.2208464139928175,
      5.027494741876597,
      2.4374766446987532,
      4.414823233667014,
      0.8435742825775577,
      3.5063667899462345,
      5.892039547792904,
      -0.18543632063037863,
      1.7354183544245056,
      4.533457613632105,
      5.184709776633132,
      5.641605498537431,
      2.567615805252612,
      5.044089329961184,
      4.339552364817077,
      1.8231504940079013,
      3.5857737463354082,
      4.09270577577175,
      3.961745541687938,
      2.1154425102467727,
      4.714136597630443,
      1.2275870129631627,
      1.9885179263989219,
      2.4419212344281798,
      1.9384801289659888,
      0.015526544448253818,
      3.758980201527216,
      4.849245763867462,
      5.121362675787481,
      3.5654539347378535,
      2.3877651237155137,
      3.521384380784385,
      4.107159744298521,
      1.4918279798261902,
      1.656911141290642,
      5.1205077829555945,
      -0.9111679696420829
    ],
    "n-qubit": 6,
    "extra": {
      "seed": 1
    }
  }
}