{
  "name": "CompositeSampler",
  "svd-circuit": {
    "directions": [
      0,
      1,
      1,
      0,
      0,
      1,
      0,
      1,
      0,
      0,
      0,
      2,
      1,
      1,
      2,
      1,
      2,
      0,
      1,
      0,
      2,
      0,
      2,
      0,
      2,
      2,
      1,
      2,
      1,
      1,
      2,
      0,
      2,
      1,
      1,
      2,
      2,
      1,
      0,
      2,
      1,
      0,
      1,
      2,
      1,
      0,
      0,
      2,
      2,
      2,
      2,
      1,
      2,
      0,
      2,
      0,
      2,
      0,
      1,
      0,
      1,
      1,
      0,
      2,
      1,
      0,
      2,
      2,
      0,
      1,
      2,
      0
    ],
    "parameters": [
      0.8442354444173306,
      2.5494012512329154,
      4.488516442847847,
      3.262967204230898,
      -0.17019154149370386,
      4.044728435582,
      2.7191556824922216,
      5.353734811543136,
      4.168455778609589,
      2.8832143888460635,
      6.306679903644679,
      0.33955719255964073,
      3.401794894179865,
      4.392848658247458,
      5.316442839519921,
      0.43034476298417057,
      5.468137015431663,
      1.2641166062887415,
      4.252764800771316,
      6.163115659939392,
      2.0002533838627965,
      6.411120349223514,
      0.7352601193646161,
      5.202807207785075,
      4.669328177846215,
      5.599078300565942,
      5.508558075485746,
      3.7339497676698756,
      0.5065728553485905,
      3.228740826277583,
      5.316815186442071,
      3.4360949355520694,
      3.492173524514961,
      4.2987231231674174,
      3.623706279138656,
      1.7264784465955687,
      4.874731722985192,
      2.438549090043748,
      4.274774623851217,
      4.036912589948029,
      4.962854704331018,
      3.2431711040026086,
      2.94882541494197,
      4.843597296896911,
      3.969440108981191,
      4.375781894115981,
      3.3041078014374556,
      4.489838411056223,
      5.7810735693045245,
      1.8829229289712448,
      2.3844189901606643,
      2.8200114737988313,
      3.6139754005809035,
      5.852076620415304,
      2.410793063891828,
      4.03738216884551,
      2.970175327646162,
      1.5789473705915513,
      2.4541509966121464,
      3.419749103196359,
      5.912562268091905,
      4.034005643480006,
      2.758885900487214,
      1.6855112624257977,
      4.63294585079135,
      2.7169589064000763,
      5.055259163703641,
      1.113451124101677,
      0.7573634809217676,
      5.148165538780181,
      0.20394666016770224,
      0.28100989022490075
    ],
    "extra": {},
    "n-a": 3,
    "n-b": 2,
    "n-qubit": 6
  },
  "data-circuit": {
    "directions": [
      1,
      1,
      1,
      1,
      1,
      1,
      1,
      1,
      1,
      1,
      1,
      1,
      1,
      1,
      1,
      1,
      1,
      1,
      1,
      1,
      1,
      1,
      1,
      1,
      1,
      1,
      1,
      1,
      1,
      1,
      1,
      1,
      1,
      1,
      1,
      1,
      1,
      1,
      1,
      1,
      1,
      1,
      1,
      1,
      1,
      1,
      1,
      1,
      1,
      1,
      1,
      1,
      1,
      1,
      1,
      1,
      1,
      1,
      1,
      1,
      1,
      1,
      1,
      1,
      1,
      1,
      1,
      1,
      1,
      1,
      1,
      1
    ],
    "data_parameters": [
      -0.9009738228931874,
      5.653540275335329,
      3.917245259049856,
      0.3842248913034851,
      0.8182398711865109,
      2.7843249671975596,
      4.834804583882491,
      4.978231928110483,
      1.2158245865300443,
      0.9342558016288801,
      5.02587095706949,
      2.629720027932046,
      4.760852271921005,
      2.0511870622521946,
      3.0489191545586536,
      2.162542729267548,
      -0.3435595963589751,
      8.144345252317096,
      5.216790320455721,
      0.8075060237656011,
      0.7653302098234607,
      3.7220362542848533,
      6.15927431589915,
      4.292835409675046,
      0.9363330721018442,
      2.3468634347264303,
      0.6568669763471843,
      1.4841872729193755,
      1.3756916461911655,
      4.056015202153594,
      0.2978849063893544,
      1.9160275688583708,
      2.768207116738155,
      1.8051104001124174,
      2.6194547173431006,
      -1.0168638671804766,
      5.61159658892652,
      1.4059908805758836,
      3.314660490883328,
      -0.20371905626998046,
      4.162348924740071,
      5.21101296479507,
      -0.6372892573605147,
      0.613395539837153,
      5.113214815657383,
      4.9014253405893635,
      5.452043295408795,
      3.0533508242404976,
      5.647727481321097,
      5.1121499720415935,
      2.6155558300418043,
      2.7283540261107966,
      4.4201976153298475,
      2.9509608719273968,
      1.8154172157355286,
      4.2734329213320565,
      -0.1311009167803401,
      1.3664327213710294,
      1.679332733133628,
      2.0181453729917176,
      0.016392526571984166,
      3.451764803817038,
      4.6003085287984105,
      5.7868614571668555,
      2.6423109405170857,
      3.160292907941761,
      3.1791787221869243,
      4.264263211497133,
      1.824628443115439,
      0.3622224892315082,
      4.5053057159553305,
      -0.7240898241141442
    ],
    "n-qubit": 6,
    "extra": {}
  }
}