{
  "name": "CompositeSampler",
  "svd-circuit": {
    "directions": [
      0,
      1,
      1,
      0,
      0,
      1,
      0,
      1,
      0,
      0,
      0,
      2,
      1,
      1,
      2,
      1,
      2,
      0,
      1,
      0,
      2,
      0,
      2,
      0,
      2,
      2,
      1,
      2,
      1,
      1,
      2,
      0,
      2,
      1,
      1,
      2,
      2,
      1,
      0,
      2,
      1,
      0,
      1,
      2,
      1,
      0,
      0,
      2,
      2,
      2,
      2,
      1,
      2,
      0,
      2,
      0,
      2,
      0,
      1,
      0,
      1,
      1,
      0,
      2,
      1,
      0,
      2,
      2,
      0,
      1,
      2,
      0
    ],
    "parameters": [
      0.8442354444173306,
      1.6771514378065702,
      4.806321163229088,
      4.573883815674757,
      0.6903637959509886,
      4.001418049117051,
      2.7191556824922216,
      3.954172723294855,
      4.592462057148614,
      4.194131000290494,
      4.0734922916461525,
      -1.5507249366330274,
      3.401794894179865,
      3.595089777067144,
      4.123286085565594,
      0.308220143574727,
      4.163524241814913,
      1.177878760531891,
      4.252764800771316,
      5.327334652275697,
      2.422940303413446,
      6.022165562280385,
      -0.569352654248126,
      5.116569362027667,
      4.669328177846215,
      6.203323807160177,
      5.254468093048231,
      2.842865610865852,
      0.06743434462179965,
      1.702614131152254,
      5.316815186442071,
      1.6672528020604274,
      1.7448243738810867,
      4.900928079241806,
      3.4645607161343572,
      2.0437044464725225,
      4.874731722985192,
      1.575931649806968,
      2.766868370390084,
      5.18197367199981,
      4.120421322170795,
      3.523544164219962,
      2.94882541494197,
      4.782479507144762,
      4.828979762905686,
      4.8109724040042,
      2.28960489577781,
      5.668873851602218,
      5.7810735693045245,
      1.8218051392191652,
      1.577688159106688,
      1.6626100638658599,
      2.8351771292618446,
      6.223887470268527,
      2.410793063891828,
      2.670096752038716,
      2.5335568015923693,
      1.6670458628079903,
      1.9222811291114068,
      3.7915599530494055,
      5.912562268091905,
      2.4395039724392165,
      2.8750109723908097,
      2.494730057163018,
      4.430845757637614,
      3.0887697562531935,
      5.055259163703641,
      1.113451302455588,
      1.4101613369177126,
      6.581268661730362,
      0.20394675816841243,
      0.6528207400780902
    ],
    "extra": {},
    "n-a": 3,
    "n-b": 2,
    "n-qubit": 6
  },
  "data-circuit": {
    "directions": [
      1,
      1,
      1,
      1,
      1,
      1,
      1,
      1,
      1,
      1,
      1,
      1,
      1,
      1,
      1,
      1,
      1,
      1,
      1,
      1,
      1,
      1,
      1,
      1,
      1,
      1,
      1,
      1,
      1,
      1,
      1,
      1,
      1,
      1,
      1,
      1,
      1,
      1,
      1,
      1,
      1,
      1,
      1,
      1,
      1,
      1,
      1,
      1,
      1,
      1,
      1,
      1,
      1,
      1,
      1,
      1,
      1,
      1,
      1,
      1,
      1,
      1,
      1,
      1,
      1,
      1
    ],
    "data_parameters": [
      2.0873471811174427,
      4.311568282760591,
      4.983734771717144,
      2.5515366743997747,
      4.093565092026718,
      2.2291304762578883,
      3.884862262232521,
      6.2264911290476626,
      1.5041913023332587,
      2.3163385232663503,
      6.85770702357857,
      1.42243726830672,
      3.9183493912863248,
      -1.30700551617279,
      1.5356658177060314,
      4.766520130511114,
      0.6610633582349231,
      5.794678655964099,
      5.049344309035229,
      1.7202956356265056,
      0.003321994990175625,
      3.1485887069947736,
      7.352293288632453,
      2.463858022034344,
      1.590232680584067,
      3.5144186303859772,
      -0.9504778217558656,
      2.129604380052225,
      3.666935903807118,
      3.5782368593191456,
      1.6391121536918924,
      0.040894803860222005,
      2.598896686008159,
      2.6684398670291545,
      0.5395329580324896,
      -0.3144552920843231,
      4.943883738631541,
      4.342753329349325,
      4.0789347836990615,
      0.7306936574870248,
      6.443785609553132,
      5.617674762901359,
      1.192709390298483,
      2.4362056108806924,
      4.465459637908392,
      4.990848236668662,
      7.662432816720289,
      0.9996876817981585,
      4.744472832665983,
      3.5531767230631637,
      2.060890330980362,
      1.7689128583327938,
      6.7534655642880255,
      6.51033020752212,
      2.4529920661145703,
      4.2461010789469,
      -0.6294692187692482,
      1.2165192943321381,
      5.514188851182876,
      1.4506251078789876,
      0.7360250072773707,
      0.8083081064576716,
      4.231208316056245,
      3.9311625842018225,
      2.021574354553191,
      2.1625594063252347
    ],
    "n-qubit": 6,
    "extra": {}
  }
}