{
  "name": "CompositeSampler",
  "svd-circuit": {
    "directions": [
      0,
      1,
      1,
      0,
      0,
      1,
      0,
      1,
      0,
      0,
      0,
      2,
      1,
      1,
      2,
      1,
      2,
      0,
      1,
      0,
      2,
      0,
      2,
      0,
      2,
      2,
      1,
      2,
      1,
      1,
      2,
      0,
      2,
      1,
      1,
      2,
      2,
      1,
      0,
      2,
      1,
      0,
      1,
      2,
      1,
      0,
      0,
      2,
      2,
      2,
      2,
      1,
      2,
      0,
      2,
      0,
      2,
      0,
      1,
      0
    ],
    "parameters": [
      0.8442354444173306,
      0.8368083246064245,
      4.963781894708918,
      3.3942717424397073,
      2.3605906459,
      5.816784475016005,
      2.7191556824922216,
      4.222597569035378,
      4.71827839727668,
      3.0145189270554766,
      5.089097841516417,
      0.022716593740628233,
      3.401794894179865,
      4.390362342065311,
      3.3425783599497825,
      1.6008481402205677,
      6.6564986453809905,
      1.956327283853393,
      4.252764800771316,
      6.5450027781595965,
      2.6771685615364906,
      4.63321483472517,
      1.9236217493178445,
      5.895017885349615,
      4.669328177846215,
      4.760386352420169,
      4.682662370828973,
      2.7111261298938576,
      -1.3304730792133528,
      3.5480411747613525,
      5.316815186442071,
      3.0177552568103017,
      3.1260569192860785,
      4.718808625322232,
      3.4615160137518215,
      3.458817760333081,
      4.874731722985192,
      2.2677224019075255,
      4.232508621560111,
      4.626507375212893,
      4.480383917246532,
      2.0084124040289164,
      2.94882541494197,
      4.27931742987099,
      4.785529335371944,
      4.994013844777772,
      2.0887268339294955,
      4.577814062597913,
      5.7810735693045245,
      1.3186430619452163,
      1.0348857657931718,
      1.1005615957841304,
      3.590910456623909,
      5.111616474117135,
      2.410793063891828,
      3.1484214836957056,
      3.2589517244020874,
      -0.1069308603881955,
      2.343138230514723,
      2.679288956898065
    ],
    "extra": {
      "seed": 1
    },
    "n-a": 3,
    "n-b": 2,
    "n-qubit": 6
  },
  "data-circuit": {
    "directions": [
      1,
      1,
      1,
      1,
      1,
      1,
      1,
      1,
      1,
      1,
      1,
      1,
      1,
      1,
      1,
      1,
      1,
      1,
      1,
      1,
      1,
      1,
      1,
      1,
      1,
      1,
      1,
      1,
      1,
      1,
      1,
      1,
      1,
      1,
      1,
      1,
      1,
      1,
      1,
      1,
      1,
      1,
      1,
      1,
      1,
      1,
      1,
      1,
      1,
      1,
      1,
      1,
      1,
      1,
      1,
      1,
      1,
      1,
      1,
      1,
      1,
      1,
      1,
      1,
      1,
      1,
      1,
      1,
      1,
      1,
      1,
      1
    ],
    "data_parameters": [
      -0.9009738228931874,
      5.653540275335329,
      3.917245259049856,
      0.3842248913034851,
      0.8182398711865109,
      2.7843249671975596,
      4.834804583882491,
      4.978231928110483,
      1.2158245865300443,
      0.9342558016288801,
      5.02587095706949,
      2.629720027932046,
      4.760852271921005,
      2.0511870622521946,
      3.0489191545586536,
      2.162542729267548,
      -0.3435595963589751,
      8.144345252317096,
      5.216790320455721,
      0.8075060237656011,
      0.7653302098234607,
      3.7220362542848533,
      6.15927431589915,
      4.292835409675046,
      0.9363330721018442,
      2.3468634347264303,
      0.6568669763471843,
      1.4841872729193755,
      1.3756916461911655,
      4.056015202153594,
      0.2978849063893544,
      1.9160275688583708,
      2.768207116738155,
      1.8051104001124174,
      2.6194547173431006,
      -1.0168638671804766,
      5.61159658892652,
      1.4059908805758836,
      3.314660490883328,
      -0.20371905626998046,
      4.162348924740071,
      5.21101296479507,
      -0.6372892573605147,
      0.613395539837153,
      5.113214815657383,
      4.9014253405893635,
      5.452043295408795,
      3.0533508242404976,
      5.647727481321097,
      5.1121499720415935,
      2.6155558300418043,
      2.7283540261107966,
      4.4201976153298475,
      2.9509608719273968,
      1.8154172157355286,
      4.2734329213320565,
      -0.1311009167803401,
      1.3664327213710294,
      1.679332733133628,
      2.0181453729917176,
      0.016392526571984166,
      3.451764803817038,
      4.6003085287984105,
      5.7868614571668555,
      2.6423109405170857,
      3.160292907941761,
      3.1791787221869243,
      4.264263211497133,
      1.824628443115439,
      0.3622224892315082,
      4.5053057159553305,
      -0.7240898241141442
    ],
    "n-qubit": 6,
    "extra": {
      "seed": 1
    }
  }
}