{
  "name": "CompositeSampler",
  "svd-circuit": {
    "directions": [
      0,
      1,
      1,
      0,
      0,
      1,
      0,
      1,
      0,
      0,
      0,
      2,
      1,
      1,
      2,
      1,
      2,
      0,
      1,
      0,
      2,
      0,
      2,
      0,
      2,
      2,
      1,
      2,
      1,
      1,
      2,
      0,
      2,
      1,
      1,
      2,
      2,
      1,
      0,
      2,
      1,
      0,
      1,
      2,
      1,
      0,
      0,
      2,
      2,
      2,
      2,
      1,
      2,
      0,
      2,
      0,
      2,
      0,
      1,
      0
    ],
    "parameters": [
      0.8442354444173306,
      2.1948374860809508,
      3.522888656394598,
      4.081245535395102,
      -0.1237599240370646,
      5.801428686401481,
      2.7191556824922216,
      3.8722426322000447,
      4.215500996187385,
      3.7014927200110463,
      5.75493890576795,
      -0.23387638280191203,
      3.401794894179865,
      4.947084986691451,
      3.6027456364759427,
      1.619727472891533,
      6.298442725767866,
      1.4178751658663955,
      4.252764800771316,
      5.0466565117931985,
      1.757868849607833,
      5.626357918330977,
      1.5655658297046915,
      5.356565767362737,
      4.669328177846215,
      5.325039253759362,
      7.0127609016074866,
      3.6456539798733316,
      -0.5245265343526566,
      3.1198523187228706,
      5.316815186442071,
      2.5550968922225703,
      2.526237182723116,
      4.894920369680291,
      4.674977268796888,
      2.9467003241680243,
      4.874731722985192,
      1.9991735388016871,
      6.332906173084898,
      4.75502214456438,
      4.318906236518408,
      3.8439944907859593,
      2.94882541494197,
      4.707084685962043,
      4.512784538061782,
      2.73554232216585,
      3.169179436749109,
      5.562776259588101,
      5.7810735693045245,
      1.7464103180369035,
      0.7709698345674963,
      0.8243184901994408,
      3.604908093590322,
      6.176444477119027,
      2.410793063891828,
      2.0857599587654954,
      3.2589518867453857,
      3.156111381834522,
      3.6380789582084043,
      3.744116959900212
    ],
    "extra": {
      "seed": 1
    },
    "n-a": 3,
    "n-b": 2,
    "n-qubit": 6
  },
  "data-circuit": {
    "directions": [
      1,
      1,
      1,
      1,
      1,
      1,
      1,
      1,
      1,
      1,
      1,
      1,
      1,
      1,
      1,
      1,
      1,
      1,
      1,
      1,
      1,
      1,
      1,
      1,
      1,
      1,
      1,
      1,
      1,
      1,
      1,
      1,
      1,
      1,
      1,
      1,
      1,
      1,
      1,
      1,
      1,
      1,
      1,
      1,
      1,
      1,
      1,
      1,
      1,
      1,
      1,
      1,
      1,
      1,
      1,
      1,
      1,
      1,
      1,
      1,
      1,
      1,
      1,
      1,
      1,
      1
    ],
    "data_parameters": [
      2.0873471811174427,
      4.311568282760591,
      4.983734771717144,
      2.5515366743997747,
      4.093565092026718,
      2.2291304762578883,
      3.884862262232521,
      6.2264911290476626,
      1.5041913023332587,
      2.3163385232663503,
      6.85770702357857,
      1.42243726830672,
      3.9183493912863248,
      -1.30700551617279,
      1.5356658177060314,
      4.766520130511114,
      0.6610633582349231,
      5.794678655964099,
      5.049344309035229,
      1.7202956356265056,
      0.003321994990175625,
      3.1485887069947736,
      7.352293288632453,
      2.463858022034344,
      1.590232680584067,
      3.5144186303859772,
      -0.9504778217558656,
      2.129604380052225,
      3.666935903807118,
      3.5782368593191456,
      1.6391121536918924,
      0.040894803860222005,
      2.598896686008159,
      2.6684398670291545,
      0.5395329580324896,
      -0.3144552920843231,
      4.943883738631541,
      4.342753329349325,
      4.0789347836990615,
      0.7306936574870248,
      6.443785609553132,
      5.617674762901359,
      1.192709390298483,
      2.4362056108806924,
      4.465459637908392,
      4.990848236668662,
      7.662432816720289,
      0.9996876817981585,
      4.744472832665983,
      3.5531767230631637,
      2.060890330980362,
      1.7689128583327938,
      6.7534655642880255,
      6.51033020752212,
      2.4529920661145703,
      4.2461010789469,
      -0.6294692187692482,
      1.2165192943321381,
      5.514188851182876,
      1.4506251078789876,
      0.7360250072773707,
      0.8083081064576716,
      4.231208316056245,
      3.9311625842018225,
      2.021574354553191,
      2.1625594063252347
    ],
    "n-qubit": 6,
    "extra": {
      "seed": 1
    }
  }
}