{
  "name": "CompositeSampler",
  "svd-circuit": {
    "directions": [
      0,
      1,
      1,
      0,
      0,
      1,
      0,
      1,
      0,
      0,
      0,
      2,
      1,
      1,
      2,
      1,
      2,
      0,
      1,
      0,
      2,
      0,
      2,
      0,
      2,
      2,
      1,
      2,
      1,
      1,
      2,
      0,
      2,
      1,
      1,
      2,
      2,
      1,
      0,
      2,
      1,
      0,
      1,
      2,
      1,
      0,
      0,
      2,
      2,
      2,
      2,
      1,
      2,
      0,
      2,
      0,
      2,
      0,
      1,
      0,
      1,
      1,
      0,
      2,
      1,
      0,
      2,
      2,
      0,
      1,
      2,
      0
    ],
    "parameters": [
      0.8442354444173306,
      1.0606094454179462,
      5.240541103863054,
      4.242531431341351,
      0.14410013894212234,
      4.644857213688655,
      2.7191556824922216,
      4.222769294114214,
      3.9355275861713923,
      3.8627786159574384,
      6.511952833871247,
      -0.6398063330548662,
      3.401794894179865,
      5.399563162418797,
      3.5888234871687565,
      -0.04035673238262817,
      6.260187998465356,
      1.8281091755072119,
      4.252764800771316,
      5.520678487276099,
      3.0831624375950595,
      5.252652641226841,
      1.527311102402233,
      5.766799777003528,
      4.669328177846215,
      6.321027581309632,
      5.656010264931796,
      2.9495834675588535,
      0.3885513235319354,
      4.68321160923623,
      5.316815186442071,
      1.737177191725539,
      2.2791888527235744,
      4.399518914774153,
      4.1269151157079165,
      2.4498407482685733,
      4.874731722985192,
      1.774918886673609,
      3.636476413121704,
      3.675531976822213,
      5.056550487218221,
      3.9507834047733352,
      2.94882541494197,
      4.042139567829272,
      3.558054556645132,
      4.442130862932997,
      3.241514077657267,
      4.073297216970514,
      5.7810735693045245,
      1.0814651999037526,
      0.8550368188687847,
      2.4899767217402102,
      3.394223194261758,
      5.908945902122762,
      2.410793063891828,
      4.2773817552361155,
      3.2687404771168596,
      0.31904532591221346,
      3.0658494473049713,
      3.4766183849036456,
      5.912562268091905,
      3.2624542111056285,
      2.988047781850163,
      3.5452617352735976,
      3.9081563571726923,
      2.773828188107356,
      5.055259163703641,
      1.1134511158987004,
      1.5618591099996941,
      4.547197768580165,
      0.20394675501621556,
      0.33787917193223005
    ],
    "extra": {},
    "n-a": 3,
    "n-b": 2,
    "n-qubit": 6
  },
  "data-circuit": {
    "directions": [
      1,
      1,
      1,
      1,
      1,
      1,
      1,
      1,
      1,
      1,
      1,
      1,
      1,
      1,
      1,
      1,
      1,
      1,
      1,
      1,
      1,
      1,
      1,
      1,
      1,
      1,
      1,
      1,
      1,
      1,
      1,
      1,
      1,
      1,
      1,
      1,
      1,
      1,
      1,
      1,
      1,
      1,
      1,
      1,
      1,
      1,
      1,
      1,
      1,
      1,
      1,
      1,
      1,
      1,
      1,
      1,
      1,
      1,
      1,
      1,
      1,
      1,
      1,
      1,
      1,
      1,
      1,
      1,
      1,
      1,
      1,
      1
    ],
    "data_parameters": [
      -1.1237990799309248,
      6.48989372595013,
      3.461382585512921,
      0.32310886389992644,
      1.6148983428202137,
      2.0694387376161627,
      4.157670446765491,
      4.413422992251651,
      0.9444738237517682,
      0.9818650486024045,
      5.201063451390673,
      2.936416133609326,
      4.407559471360321,
      2.109353661289727,
      3.2093374809344897,
      2.383756980696501,
      -0.9496534032075373,
      8.20265696760717,
      5.517053804379558,
      0.5073548229393837,
      1.6455662060838152,
      3.5307241439580035,
      6.351924043167556,
      4.834171506546197,
      0.3869595328293297,
      2.051003942779221,
      0.6541794859504719,
      1.0706997493258856,
      1.3337534572406688,
      3.7522798990909694,
      0.011222426735447159,
      2.257196219437528,
      3.4039188909275278,
      2.1504559131687193,
      2.08239641156412,
      -0.9609201502727615,
      6.478605259694846,
      1.8441382853362707,
      3.366818538223976,
      0.09352216990848142,
      4.474091507438658,
      5.313123052491721,
      -0.1390242759649679,
      0.288311935647458,
      5.177110199380261,
      4.503458478192674,
      5.335166798534449,
      2.8367076963306626,
      5.887545427672968,
      4.959294133260598,
      2.5837758438649656,
      3.6232751969532275,
      3.581817328227429,
      3.071559812209739,
      1.6656832717429708,
      4.803142353885243,
      -0.20837364559125784,
      0.7636040225263404,
      1.2335070461044193,
      1.9050283510141697,
      0.17663429748301065,
      3.42729628700551,
      4.1997812283987725,
      5.810377386453997,
      3.04861329320151,
      3.896028044923981,
      3.3695205216696764,
      4.740435129202603,
      1.4791733962958917,
      -0.15537191016114668,
      4.780571580627856,
      -0.5282569737112891
    ],
    "n-qubit": 6,
    "extra": {}
  }
}