{
  "name": "CompositeSampler",
  "svd-circuit": {
    "directions": [
      0,
      1,
      1,
      0,
      0,
      1,
      0,
      1,
      0,
      0,
      0,
      2,
      1,
      1,
      2,
      1,
      2,
      0,
      1,
      0,
      2,
      0,
      2,
      0,
      2,
      2,
      1,
      2,
      1,
      1,
      2,
      0,
      2,
      1,
      1,
      2,
      2,
      1,
      0,
      2,
      1,
      0,
      1,
      2,
      1,
      0,
      0,
      2,
      2,
      2,
      2,
      1,
      2,
      0,
      2,
      0,
      2,
      0,
      1,
      0
    ],
    "parameters": [
      0.8442354444173306,
      -0.40485271191536915,
      6.14290780523384,
      3.5422282981683693,
      0.15835289587531406,
      3.522715984633756,
      2.7191556824922216,
      3.990451353373776,
      4.733852918560693,
      3.162475482783901,
      4.105727748873262,
      -0.35143293820763016,
      3.401794894179865,
      3.5158275808098933,
      5.839120368594335,
      1.4147395794613524,
      5.6706430244818815,
      1.582143730728808,
      4.252764800771316,
      5.875452024121841,
      2.3945312165123194,
      5.677185368721088,
      0.9377661284186235,
      5.5208343322251245,
      4.669328177846215,
      5.763038912847503,
      6.195997215666694,
      1.6208104564199795,
      0.31948588758048163,
      3.9220566935299166,
      5.316815186442071,
      1.9117749821421601,
      1.948473081684731,
      4.661418701031578,
      2.979332580087551,
      2.560895015654553,
      4.874731722985192,
      2.0086576889553194,
      4.051929513620515,
      4.68854256042831,
      5.097132537453332,
      1.5182100279577309,
      2.94882541494197,
      2.2428534202098875,
      4.597809250815133,
      4.338033476602982,
      1.9829435451928052,
      3.9475549766571714,
      5.7810735693045245,
      -0.7178209477132452,
      2.1070633944041797,
      0.17948690329829145,
      1.2760104336793652,
      4.966703571863531,
      2.410793063891828,
      1.9740170619948254,
      3.2589516706878734,
      1.4219703803229995,
      1.9496289263475275,
      2.53437605464433
    ],
    "extra": {
      "seed": 1
    },
    "n-a": 3,
    "n-b": 2,
    "n-qubit": 6
  },
  "data-circuit": {
    "directions": [
      1,
      1,
      1,
      1,
      1,
      1,
      1,
      1,
      1,
      1,
      1,
      1,
      1,
      1,
      1,
      1,
      1,
      1,
      1,
      1,
      1,
      1,
      1,
      1,
      1,
      1,
      1,
      1,
      1,
      1,
      1,
      1,
      1,
      1,
      1,
      1,
      1,
      1,
      1,
      1,
      1,
      1,
      1,
      1,
      1,
      1,
      1,
      1,
      1,
      1,
      1,
      1,
      1,
      1,
      1,
      1,
      1,
      1,
      1,
      1,
      1,
      1,
      1,
      1,
      1,
      1,
      1,
      1,
      1,
      1,
      1,
      1
    ],
    "data_parameters": [
      -1.1237990799309248,
      6.48989372595013,
      3.461382585512921,
      0.32310886389992644,
      1.6148983428202137,
      2.0694387376161627,
      4.157670446765491,
      4.413422992251651,
      0.9444738237517682,
      0.9818650486024045,
      5.201063451390673,
      2.936416133609326,
      4.407559471360321,
      2.109353661289727,
      3.2093374809344897,
      2.383756980696501,
      -0.9496534032075373,
      8.20265696760717,
      5.517053804379558,
      0.5073548229393837,
      1.6455662060838152,
      3.5307241439580035,
      6.351924043167556,
      4.834171506546197,
      0.3869595328293297,
      2.051003942779221,
      0.6541794859504719,
      1.0706997493258856,
      1.3337534572406688,
      3.7522798990909694,
      0.011222426735447159,
      2.257196219437528,
      3.4039188909275278,
      2.1504559131687193,
      2.08239641156412,
      -0.9609201502727615,
      6.478605259694846,
      1.8441382853362707,
      3.366818538223976,
      0.09352216990848142,
      4.474091507438658,
      5.313123052491721,
      -0.1390242759649679,
      0.288311935647458,
      5.177110199380261,
      4.503458478192674,
      5.335166798534449,
      2.8367076963306626,
      5.887545427672968,
      4.959294133260598,
      2.5837758438649656,
      3.6232751969532275,
      3.581817328227429,
      3.071559812209739,
      1.6656832717429708,
      4.803142353885243,
      -0.20837364559125784,
      0.7636040225263404,
      1.2335070461044193,
      1.9050283510141697,
      0.17663429748301065,
      3.42729628700551,
      4.1997812283987725,
      5.810377386453997,
      3.04861329320151,
      3.896028044923981,
      3.3695205216696764,
      4.740435129202603,
      1.4791733962958917,
      -0.15537191016114668,
      4.780571580627856,
      -0.5282569737112891
    ],
    "n-qubit": 6,
    "extra": {
      "seed": 1
    }
  }
}