{
  "name": "CompositeSampler",
  "svd-circuit": {
    "directions": [
      2,
      2,
      2,
      0,
      1,
      0,
      2,
      2,
      2,
      0,
      2,
      0,
      0,
      2,
      0,
      1,
      2,
      1,
      1,
      2,
      0,
      0,
      1,
      2,
      2,
      1,
      1,
      2,
      2,
      1,
      0,
      2,
      0,
      1,
      2,
      2,
      2,
      2,
      0,
      2,
      0,
      0,
      0,
      1,
      0,
      2,
      1,
      1,
      1,
      0,
      0,
      2,
      0,
      1,
      0,
      1,
      0,
      1,
      2,
      2
    ],
    "parameters": [
      0.8131093923510849,
      0.864029673703363,
      2.48912862460429,
      -0.13078441052574732,
      4.992236029040397,
      0.596749327471475,
      0.8363381550034766,
      3.7151065187566763,
      3.3128540033160467,
      4.952962095564932,
      4.866163639627961,
      1.7269901422828091,
      3.6828965100056625,
      1.3213778808681038,
      -0.1881479647957954,
      5.195473225839766,
      3.706257851292983,
      4.948207006395776,
      4.931926285131586,
      2.6447528646229133,
      1.873183316157579,
      5.567993852781468,
      -0.06452576718220118,
      1.4513295146726306,
      3.0056229168452537,
      6.437753570882986,
      3.588443091775291,
      4.1782760806917505,
      3.7640893889273173,
      1.3905218138560327,
      2.970067847410447,
      5.784826305046186,
      4.18960268442813,
      4.239611640828977,
      7.669304472666386,
      3.754228528964671,
      5.075289734162163,
      5.504905243613271,
      1.9183514771641232,
      0.2069829342119586,
      5.518556232759349,
      1.952091431941779,
      2.8397055530097552,
      0.17964930565054762,
      4.768074352785764,
      -0.2920223511962313,
      5.504132380817816,
      3.375487077090269,
      2.038757589121944,
      3.1132623280205016,
      1.5466531696997912,
      0.28650680961143205,
      0.4581242218806932,
      6.156864248589193,
      3.773290519910473,
      4.896921615712844,
      2.3147835141620137,
      5.832616396602261,
      2.367197796057466,
      2.4265217916161976
    ],
    "extra": {
      "seed": 3
    },
    "n-a": 3,
    "n-b": 2,
    "n-qubit": 5
  },
  "data-circuit": {
    "directions": [
      1,
      1,
      1,
      1,
      1,
      1,
      1,
      1,
      1,
      1,
      1,
      1,
      1,
      1,
      1,
      1,
      1,
      1,
      1,
      1,
      1,
      1,
      1,
      1,
      1,
      1,
      1,
      1,
      1,
      1,
      1,
      1,
      1,
      1,
      1,
      1,
      1,
      1,
      1,
      1,
      1,
      1,
      1,
      1,
      1,
      1,
      1,
      1,
      1,
      1,
      1,
      1,
      1,
      1,
      1,
      1,
      1,
      1,
      1,
      1
    ],
    "data_parameters": [
      5.896423621088747,
      3.202434140878892,
      3.341124464331773,
      2.2123634137703587,
      0.5515137629090959,
      1.957158341910949,
      1.273176616064472,
      0.7988433876888771,
      1.2389374259919266,
      0.19549322614639603,
      3.328142136900558,
      0.5489981722574006,
      3.9623479959581065,
      2.352619024513402,
      5.63852116971475,
      4.191650442668792,
      4.550685012292865,
      3.9095371889707957,
      4.91713940697349,
      5.988797943317357,
      5.977379345537554,
      1.0360350053734635,
      1.8262901339268216,
      2.1476469766389745,
      1.0419432436256875,
      4.7448924281951355,
      5.605261123032193,
      0.1231823886470765,
      0.93827268694706,
      5.426943933479945,
      0.2900383299048599,
      0.5482988569096436,
      5.749439856176573,
      1.6366338620222722,
      0.07466243102981199,
      3.6500114169873226,
      1.097362824926528,
      2.4517347019648583,
      2.3375594733167557,
      4.96447225632586,
      5.9298212511411155,
      6.146377055491615,
      2.9749876394615162,
      6.053539208224915,
      4.389013774819458,
      3.4100275093731804,
      4.061483266448171,
      4.290967350189547,
      5.828121383661454,
      1.7411181623989869,
      5.7697397758540765,
      5.374323593929915,
      4.137174888421811,
      2.959868375533571,
      1.9575865863371358,
      6.093715120120249,
      2.3364179766198103,
      -0.013184046744231657,
      6.4134435495525395,
      3.844596121460716
    ],
    "n-qubit": 5,
    "extra": {
      "seed": 3
    }
  }
}