{
  "name": "CompositeSampler",
  "svd-circuit": {
    "directions": [
      2,
      2,
      2,
      0,
      1,
      0,
      2,
      2,
      2,
      0,
      2,
      0,
      0,
      2,
      0,
      1,
      2,
      1,
      1,
      2,
      0,
      0,
      1,
      2,
      2,
      1,
      1,
      2,
      2,
      1,
      0,
      2,
      0,
      1,
      2,
      2,
      2,
      2,
      0,
      2,
      0,
      0,
      0,
      1,
      0,
      2,
      1,
      1,
      1,
      0,
      0,
      2,
      0,
      1,
      0,
      1,
      0,
      1,
      2,
      2
    ],
    "parameters": [
      2.600401044838195,
      2.116256992748217,
      3.742599303073792,
      0.8552982366961618,
      3.6561152268916586,
      0.9268110476499469,
      2.352889833139691,
      2.2290710714429385,
      3.5495192715821378,
      4.132260288869129,
      2.846569599156024,
      1.549789008859817,
      2.860901453238467,
      1.5580431491342013,
      -1.0088497714916473,
      5.532514561191124,
      3.7346374005712573,
      5.693662629344228,
      4.2267488552250185,
      1.5743986475747944,
      3.0636116714176995,
      4.142395828180439,
      0.19343593548934634,
      1.7174172883648562,
      1.3341905041965676,
      4.722542151135353,
      4.538711821730644,
      3.3777215386252286,
      4.030177162619504,
      -0.018930167015748192,
      4.440723042485675,
      5.162275968496126,
      2.7907708037982615,
      4.534993379975317,
      5.2523304342730155,
      3.471830148198372,
      3.681111090696979,
      4.92033352865423,
      -0.9827179256598199,
      0.9470120134401697,
      5.7239963067956285,
      0.9945134590289568,
      2.1448005840677054,
      -0.3405618179822781,
      4.0283311372307455,
      -0.19683757670638616,
      4.7352580260185135,
      4.20035670840075,
      2.5348493270484562,
      2.3735191124655555,
      1.7622305681799748,
      1.1511853263910483,
      -1.6846288171732502,
      5.636653124956447,
      3.0335473043555123,
      3.8869012414159245,
      1.9145366941271462,
      5.36383137730194,
      2.367197682255526,
      2.4265217931622165
    ],
    "extra": {
      "seed": 3
    },
    "n-a": 3,
    "n-b": 2,
    "n-qubit": 5
  },
  "data-circuit": {
    "directions": [
      1,
      1,
      1,
      1,
      1,
      1,
      1,
      1,
      1,
      1,
      1,
      1,
      1,
      1,
      1,
      1,
      1,
      1,
      1,
      1,
      1,
      1,
      1,
      1,
      1,
      1,
      1,
      1,
      1,
      1,
      1,
      1,
      1,
      1,
      1,
      1,
      1,
      1,
      1,
      1,
      1,
      1,
      1,
      1,
      1,
      1,
      1,
      1,
      1,
      1,
      1,
      1,
      1,
      1,
      1,
      1,
      1,
      1,
      1,
      1,
      1,
      1,
      1,
      1,
      1
    ],
    "data_parameters": [
      0.484167047863594,
      2.1143815570783375,
      0.8878904922560535,
      3.9727396978885383,
      4.521719598899357,
      3.1487155580548127,
      3.403259516464151,
      5.208284454983449,
      5.0270582270351625,
      3.056065216366118,
      1.7369287740920893,
      0.3971513160512323,
      0.36775299509239506,
      0.41811461496326857,
      2.69519439983999,
      3.3718344386934924,
      2.638883390788049,
      5.42129233935366,
      4.914502303932686,
      6.043003961376459,
      5.7009072458421,
      4.379704439070693,
      0.28643300823167916,
      3.9519192367949243,
      6.267147458452514,
      1.1090309036966766,
      4.737652348986646,
      4.445494627650219,
      0.4558346334237622,
      1.1348354780027625,
      2.4209265076963975,
      2.1239655536134565,
      4.1686513749447744,
      0.10823506055425146,
      3.3714468682670193,
      2.47513108570752,
      5.707632273025568,
      3.0993855997685458,
      4.551749106773892,
      4.789935373998544,
      3.8733689695388898,
      1.1942092893397849,
      0.19863662705413426,
      3.7540101981629888,
      2.9317744802697856,
      1.325588061750226,
      3.4923842746913256,
      3.8889664038559375,
      0.39566640703865663,
      3.9398858740703493,
      0.7671933950495706,
      -0.0716201096351113,
      5.766166793852999,
      2.2818375767394987,
      1.2258759101305938,
      4.995265996799649,
      0.34119750388897846,
      1.124256175193994,
      0.8964596964622142,
      4.042837055983031,
      3.7807302232095186,
      0.44313171908667937,
      0.30502731800166194,
      5.039990667777115,
      0.5775089317641887
    ],
    "n-qubit": 5,
    "extra": {
      "seed": 3
    }
  }
}