{
  "name": "CompositeSampler",
  "svd-circuit": {
    "directions": [
      2,
      2,
      2,
      0,
      1,
      0,
      2,
      2,
      2,
      0,
      2,
      0,
      0,
      2,
      0,
      1,
      2,
      1,
      1,
      2,
      0,
      0,
      1,
      2,
      2,
      1,
      1,
      2,
      2,
      1,
      0,
      2,
      0,
      1,
      2,
      2,
      2,
      2,
      0,
      2,
      0,
      0,
      0,
      1,
      0,
      2,
      1,
      1,
      1,
      0,
      0,
      2,
      0,
      1,
      0,
      1,
      0,
      1,
      2,
      2
    ],
    "parameters": [
      1.567920094921764,
      -1.1955463680767429,
      1.9843029272540436,
      0.030405988571865238,
      5.048206286651236,
      1.2974334881894494,
      0.12704105896908113,
      2.8439019618806487,
      2.203224138142191,
      4.649385183286138,
      4.073696287659567,
      2.6215100823813993,
      2.7852414488347743,
      0.2117480156943772,
      -0.4917248770745615,
      3.9103934179292463,
      1.7030708845926423,
      5.7687094265471215,
      4.25584862680612,
      1.2527065053869866,
      2.09344198627712,
      5.521941098869092,
      -0.42626891846495446,
      1.357044572557018,
      1.3193511563669293,
      6.961079952500559,
      2.3841567495941884,
      2.4464515042804145,
      3.6698044468107485,
      0.15165287222228516,
      3.3849750400985985,
      4.891832057353545,
      4.25028949478595,
      4.52677193972449,
      5.4095222849594,
      3.4436870174713206,
      2.9245697096890337,
      5.346785460179372,
      0.38893244161123236,
      0.07661360742221864,
      6.060701799591276,
      1.8985768273921355,
      0.9492849175815,
      -0.3734906684596668,
      4.8442877489767415,
      0.27004059557378524,
      3.9885179491458307,
      5.066307907250382,
      4.016698270689506,
      3.1894757242114298,
      1.1790598690364058,
      0.251726638322858,
      -0.6792059289712425,
      5.603724274479016,
      3.849503916101401,
      3.776202342382105,
      1.2871645607754298,
      5.482858766098565,
      2.3671977446841916,
      2.4265217287341825
    ],
    "extra": {
      "seed": 3
    },
    "n-a": 3,
    "n-b": 2,
    "n-qubit": 5
  },
  "data-circuit": {
    "directions": [
      1,
      1,
      1,
      1,
      1,
      1,
      1,
      1,
      1,
      1,
      1,
      1,
      1,
      1,
      1,
      1,
      1,
      1,
      1,
      1,
      1,
      1,
      1,
      1,
      1,
      1,
      1,
      1,
      1,
      1,
      1,
      1,
      1,
      1,
      1,
      1,
      1,
      1,
      1,
      1,
      1,
      1,
      1,
      1,
      1,
      1,
      1,
      1,
      1,
      1,
      1,
      1,
      1,
      1,
      1,
      1,
      1,
      1,
      1,
      1,
      1,
      1,
      1,
      1,
      1
    ],
    "data_parameters": [
      0.478544997266051,
      3.934821352545953,
      3.2860272261562735,
      0.7708066266650955,
      0.07209213971766992,
      5.954013169851913,
      2.784002646934305,
      1.7492468916546424,
      4.535131272805053,
      5.902717035852241,
      1.6600859036034443,
      5.9405349151776985,
      1.6633419427325775,
      5.793607445113515,
      4.496891680122498,
      1.0055759266731343,
      5.442968553959948,
      0.8171504947459669,
      0.8142329921988468,
      3.6174256883115405,
      6.537906785299384,
      0.2988739767943013,
      5.8144206866000046,
      5.020403707372692,
      4.7920122878822,
      2.47209596094032,
      2.5921776971580606,
      1.895490914244281,
      3.0351374842003715,
      1.705263029511645,
      0.7446956134901428,
      2.184263301960914,
      0.5702426739355857,
      4.337218275049908,
      1.3559812097193356,
      1.9126532572908492,
      2.7349910978743353,
      4.334883257666954,
      5.137098423715156,
      5.1412527887774235,
      1.414734000996137,
      4.813255373187385,
      5.983713946077443,
      3.53007083742138,
      6.009481491998372,
      4.2432749479701215,
      2.091171351172164,
      1.5058305180086584,
      5.126325788672741,
      1.1102375267189697,
      5.8573090511439645,
      5.910963628578139,
      4.587379650692797,
      1.0621460527124753,
      0.5569360059186275,
      5.217449580003966,
      1.3540083236514735,
      1.7473438350561747,
      3.807805135356672,
      4.301345047476993,
      2.538437212107598,
      2.6673440761459024,
      3.6228104876569427,
      3.807253075775859,
      3.6823024323339295
    ],
    "n-qubit": 5,
    "extra": {
      "seed": 3
    }
  }
}