{
  "name": "CompositeSampler",
  "svd-circuit": {
    "directions": [
      2,
      2,
      2,
      0,
      1,
      0,
      2,
      2,
      2,
      0,
      2,
      0,
      0,
      2,
      0,
      1,
      2,
      1,
      1,
      2,
      0,
      0,
      1,
      2,
      2,
      1,
      1,
      2,
      2,
      1,
      0,
      2,
      0,
      1,
      2,
      2,
      2,
      2,
      0,
      2,
      0,
      0,
      0,
      1,
      0,
      2,
      1,
      1,
      1,
      0,
      0,
      2,
      0,
      1,
      0,
      1,
      0,
      1,
      2,
      2
    ],
    "parameters": [
      0.9819152145780267,
      0.029421241839470806,
      2.414117289815837,
      -0.28731193654288456,
      3.6280290933908317,
      1.9127994804348372,
      1.2291212869101231,
      2.8134033068617157,
      1.7230379242264626,
      4.58773189374396,
      3.8399873309282073,
      2.036375729494564,
      4.0111923760327866,
      -0.26843819822151915,
      -0.5533781666162904,
      5.3660577137900605,
      3.825675500735141,
      5.428891170883532,
      4.788667661275032,
      1.123696884670162,
      2.7039658460619966,
      5.243585470111716,
      -0.6974518615065417,
      0.6445185110665897,
      1.5172570683479811,
      5.611125405476476,
      2.974305859908197,
      2.9197891795178923,
      2.9572783853213713,
      0.031086088340988548,
      3.8281393330812423,
      5.264480805640559,
      2.6877657423134025,
      4.027181543131485,
      5.088177188199724,
      1.8798927999322046,
      4.334555966993662,
      4.125996742952204,
      1.8700224755379549,
      -1.6132512725665313,
      5.68988765997991,
      3.1403464709487734,
      1.6607641066574306,
      -0.1897362859606047,
      5.280376614063935,
      1.5561654404521734,
      4.597495320468916,
      4.090433718826663,
      3.0400216207596364,
      3.625564589298804,
      2.0406873795445164,
      0.6346105741025572,
      -0.9488409025224077,
      5.7874786569781,
      4.285592781189066,
      4.880343258882032,
      1.5686804723985641,
      5.799392475290013,
      2.3671977094201164,
      2.426521804095324
    ],
    "extra": {
      "seed": 3
    },
    "n-a": 3,
    "n-b": 2,
    "n-qubit": 5
  },
  "data-circuit": {
    "directions": [
      1,
      1,
      1,
      1,
      1,
      1,
      1,
      1,
      1,
      1,
      1,
      1,
      1,
      1,
      1,
      1,
      1,
      1,
      1,
      1,
      1,
      1,
      1,
      1,
      1,
      1,
      1,
      1,
      1,
      1,
      1,
      1,
      1,
      1,
      1,
      1,
      1,
      1,
      1,
      1,
      1,
      1,
      1,
      1,
      1,
      1,
      1,
      1,
      1,
      1,
      1,
      1,
      1,
      1,
      1,
      1,
      1,
      1,
      1,
      1
    ],
    "data_parameters": [
      2.2056323581835966,
      1.936019921347288,
      2.8999680416597564,
      6.0232073521195275,
      1.9546258426998824,
      2.7722789600017834,
      4.129211032597276,
      2.404552359806004,
      4.755273427799929,
      6.021805483477479,
      1.2735721124556123,
      1.1370048473997563,
      2.5729274568915024,
      5.115118275210376,
      5.6494122746127795,
      1.998356484458584,
      1.9331015210198133,
      4.362033150087338,
      3.8823939256538367,
      5.550816756410677,
      1.2106693675034035,
      6.316002812878827,
      5.605294699293143,
      1.2147132285318298,
      1.2865192012249904,
      0.8168169585781683,
      2.2868524529073646,
      1.768371626143649,
      2.717642525086746,
      4.5374989877808325,
      4.669983413618556,
      4.411527766717747,
      0.40390685738379634,
      3.614642742736727,
      3.300066491461756,
      0.8011256956259863,
      4.084452213857488,
      3.0570856191396425,
      3.055029365375179,
      3.8865275941623714,
      0.25131307882333337,
      2.61648813809826,
      3.6726532229791724,
      4.2103850121666975,
      2.648660486161725,
      3.223925586556432,
      1.2905741077641697,
      3.3319574471627376,
      4.660384466090262,
      0.8851066348466619,
      3.384928873259694,
      6.170663136638041,
      2.0237491451006426,
      4.255887681041014,
      1.4899929450874665,
      1.391981985236485,
      0.783251642591418,
      5.5126800848523585,
      1.67135370791634,
      6.1643192517482746
    ],
    "n-qubit": 5,
    "extra": {
      "seed": 3
    }
  }
}