{
  "name": "CompositeSampler",
  "svd-circuit": {
    "directions": [
      2,
      2,
      2,
      0,
      1,
      0,
      2,
      2,
      2,
      0,
      2,
      0,
      0,
      2,
      0,
      1,
      2,
      1,
      1,
      2,
      0,
      0,
      1,
      2,
      2,
      1,
      1,
      2,
      2,
      1,
      0,
      2,
      0,
      1,
      2,
      2,
      2,
      2,
      0,
      2,
      0,
      0,
      0,
      1,
      0,
      2,
      1,
      1,
      1,
      0,
      0,
      2,
      0,
      1,
      0,
      1,
      0,
      1,
      2,
      2
    ],
    "parameters": [
      1.204903262598563,
      0.7401395400377476,
      1.9327583742549255,
      -0.5333729953115756,
      4.232350314410768,
      1.4000893333422628,
      0.5934236689129762,
      3.370241880713287,
      2.552469956767596,
      4.375411272654812,
      5.0521957690882395,
      2.079325039308984,
      5.109478167554123,
      0.5609938343197678,
      -0.7656987877060598,
      5.643225122019632,
      1.554364636654426,
      4.272100539616513,
      3.062825331735157,
      2.394628237851512,
      2.5453034384987125,
      5.504436649779639,
      -0.11640269192703744,
      0.4474948135102226,
      2.6264145254750817,
      5.415870625069506,
      4.479927475231428,
      2.7632695793260997,
      2.7602546877649967,
      1.5377563468561994,
      3.27043179683639,
      5.834177982815016,
      4.472773666756482,
      3.91460307473695,
      4.478497645011303,
      3.5126495825239172,
      4.5609699739746965,
      5.475703175172506,
      0.6576319875537219,
      0.5379964115817983,
      6.077505311140721,
      2.613577850675377,
      1.912043316066493,
      -0.3759539093775367,
      4.473583946067067,
      0.023238904449512085,
      4.5705550188209685,
      4.5130436464121315,
      3.717039677451483,
      2.8187719213018374,
      1.593187573924573,
      1.187213198007506,
      0.2209186746951374,
      5.6012610335612605,
      3.478800113191752,
      4.906461916840973,
      2.2463621881347473,
      6.011641404048345,
      2.367197760312482,
      2.4265217959169028
    ],
    "extra": {
      "seed": 3
    },
    "n-a": 3,
    "n-b": 2,
    "n-qubit": 5
  },
  "data-circuit": {
    "directions": [
      1,
      1,
      1,
      1,
      1,
      1,
      1,
      1,
      1,
      1,
      1,
      1,
      1,
      1,
      1,
      1,
      1,
      1,
      1,
      1,
      1,
      1,
      1,
      1,
      1,
      1,
      1,
      1,
      1,
      1,
      1,
      1,
      1,
      1,
      1,
      1,
      1,
      1,
      1,
      1,
      1,
      1,
      1,
      1,
      1,
      1,
      1,
      1,
      1,
      1,
      1,
      1,
      1,
      1,
      1,
      1,
      1,
      1,
      1,
      1,
      1,
      1,
      1,
      1,
      1
    ],
    "data_parameters": [
      0.2953109325560915,
      5.386694433319139,
      1.5523588646036401,
      1.3403279994875237,
      3.0891648623562142,
      3.8111630139027413,
      5.955632596544136,
      1.7650150584171576,
      2.9482055272236343,
      1.006055510920874,
      2.720477365686342,
      2.04147614246757,
      5.945578327766506,
      0.6880982667755633,
      3.601601192769058,
      3.8621249287373987,
      4.6694295664373255,
      1.897767162054418,
      1.1422958459458963,
      2.929316476165236,
      6.310170398069624,
      5.452122649375534,
      6.140851846148732,
      5.921765866665067,
      4.411960427272085,
      3.0714154324799936,
      6.146031110282394,
      3.927526397616872,
      3.1729190138107506,
      1.4037573896172324,
      3.6685101365153137,
      5.602518847511835,
      2.3592592469667215,
      4.856180158283952,
      1.7310700732240272,
      1.6733315438413319,
      1.2727762639886209,
      5.293119206465558,
      4.085306608420684,
      2.25838914173477,
      5.364749237863827,
      4.2419452525948005,
      3.8571816179467526,
      -0.22257066171921208,
      5.241176291794058,
      6.091121925514231,
      0.49027594153939263,
      1.2102245780645102,
      4.162984057467778,
      4.255668823245969,
      5.754413236372684,
      3.6446432795544728,
      2.973894272136686,
      5.810993608959217,
      3.254591731342927,
      4.3359660200457775,
      1.6799449241458229,
      4.752111178859997,
      3.661739456122481,
      2.1864411607204506,
      2.9226364511134846,
      4.947951547267355,
      5.236519498448669,
      3.9936119758933875,
      2.900196999568947
    ],
    "n-qubit": 5,
    "extra": {
      "seed": 3
    }
  }
}