{
  "name": "CompositeSampler",
  "svd-circuit": {
    "directions": [
      2,
      2,
      2,
      0,
      1,
      0,
      2,
      2,
      2,
      0,
      2,
      0,
      0,
      2,
      0,
      1,
      2,
      1,
      1,
      2,
      0,
      0,
      1,
      2,
      2,
      1,
      1,
      2,
      2,
      1,
      0,
      2,
      0,
      1,
      2,
      2,
      2,
      2,
      0,
      2,
      0,
      0,
      0,
      1,
      0,
      2,
      1,
      1,
      1,
      0,
      0,
      2,
      0,
      1,
      0,
      1,
      0,
      1,
      2,
      2
    ],
    "parameters": [
      1.4688716705588682,
      1.1140793610390267,
      2.519171538864949,
      -0.02877549112973158,
      4.985088338014622,
      1.1448876847128366,
      1.701902497872672,
      2.601963632834643,
      2.300045095707912,
      5.568273002012004,
      3.7360571438825594,
      1.763439026375242,
      3.5852843319202017,
      0.3085689732597814,
      0.4271629416513739,
      4.420186840855814,
      3.808251792858382,
      4.864988206221955,
      3.124599711354657,
      1.997889062580746,
      2.8297226917023504,
      5.794632105193256,
      -0.27005898404067774,
      0.16155308188806505,
      1.6765486836822334,
      4.570964825686194,
      4.333300769231314,
      3.30511187516689,
      2.4743129561426915,
      0.23976510476723573,
      3.5925755956189422,
      4.757867138298022,
      4.934308981415697,
      4.898232568111609,
      6.139692040776974,
      3.9279923941734967,
      3.351440843784091,
      4.739369051201989,
      1.311326150636468,
      -0.8081834193787363,
      7.762326766803585,
      2.0427120308724755,
      3.1784670326590914,
      0.12501745787970509,
      4.443866919946799,
      0.37162095745363904,
      4.190492096413482,
      3.351143573698182,
      3.164071130335354,
      2.7890548951814105,
      2.572213865629793,
      0.3294423989280132,
      1.482175027588178,
      6.102232400818397,
      3.4490830870715077,
      4.147069118797813,
      3.0097105685796692,
      6.83074888093047,
      2.3671977541615137,
      2.4265217711251776
    ],
    "extra": {
      "seed": 3
    },
    "n-a": 3,
    "n-b": 2,
    "n-qubit": 5
  },
  "data-circuit": {
    "directions": [
      1,
      1,
      1,
      1,
      1,
      1,
      1,
      1,
      1,
      1,
      1,
      1,
      1,
      1,
      1,
      1,
      1,
      1,
      1,
      1,
      1,
      1,
      1,
      1,
      1,
      1,
      1,
      1,
      1,
      1,
      1,
      1,
      1,
      1,
      1,
      1,
      1,
      1,
      1,
      1,
      1,
      1,
      1,
      1,
      1,
      1,
      1,
      1,
      1,
      1,
      1,
      1,
      1,
      1,
      1,
      1,
      1,
      1,
      1,
      1,
      1,
      1,
      1,
      1,
      1
    ],
    "data_parameters": [
      6.17413397351705,
      1.2787805793292524,
      3.191262169528376,
      0.7769175142909823,
      0.4898873845108055,
      0.7159337895539092,
      4.239157068156866,
      1.3759211617702904,
      4.309820009452271,
      4.443013572653011,
      3.5820801210851134,
      0.5070993105557074,
      1.0752310041660462,
      1.9728523701769067,
      2.365801180657004,
      5.806447940475904,
      4.403465494626722,
      2.688609622332231,
      0.8188191885379422,
      2.755872292292086,
      5.890132291199588,
      5.27893442529241,
      2.237404589787891,
      1.8599705553092163,
      2.537017803986819,
      4.029603165700989,
      5.166514796353954,
      1.4497024410034551,
      3.7813370840811693,
      0.0958307897785412,
      3.960433419560937,
      0.35416192850753425,
      3.49626616805491,
      1.3738856072624652,
      4.623186763999049,
      2.106298591508775,
      4.7134359933160255,
      3.3051815030840532,
      2.345661849598793,
      5.130177949909185,
      2.3148011973501506,
      1.17697638469828,
      -0.1819600154364766,
      3.0949079284180896,
      1.8182675145971299,
      1.969710041682037,
      4.4764766579631265,
      5.096103077866453,
      5.862475932717848,
      2.578404856514265,
      5.013160747242671,
      2.818757633240038,
      4.415478440031415,
      2.950025760123719,
      4.808562602927088,
      5.737508310566126,
      1.6800498885018917,
      4.133356859618183,
      5.9502177727661705,
      3.654820721910969,
      1.566550066499107,
      5.046698719466534,
      3.9207480839825832,
      3.9366554798460016,
      1.1030205952364558
    ],
    "n-qubit": 5,
    "extra": {
      "seed": 3
    }
  }
}