{
  "name": "CompositeSampler",
  "svd-circuit": {
    "directions": [
      2,
      2,
      2,
      0,
      1,
      0,
      2,
      2,
      2,
      0,
      2,
      0,
      0,
      2,
      0,
      1,
      2,
      1,
      1,
      2,
      0,
      0,
      1,
      2,
      2,
      1,
      1,
      2,
      2,
      1,
      0,
      2,
      0,
      1,
      2,
      2,
      2,
      2,
      0,
      2,
      0,
      0,
      0,
      1,
      0,
      2,
      1,
      1,
      1,
      0,
      0,
      2,
      0,
      1,
      0,
      1,
      0,
      1,
      2,
      2
    ],
    "parameters": [
      1.6070644898699493,
      0.6191679514259409,
      3.1016735612109456,
      1.0956628618379065,
      4.512095243551843,
      0.16621078407980536,
      1.7258678642439838,
      2.0981995643271003,
      2.0365056579184,
      4.64877731471864,
      3.802668222106122,
      1.9815559478677958,
      5.395300841417092,
      0.045029535470612635,
      -0.4923327456420079,
      5.11295672947567,
      2.4538957841034694,
      5.907082836035613,
      3.2525971105345044,
      2.195226884540059,
      2.912362458541807,
      4.713474168916694,
      0.37349283552329315,
      -0.3289793257813842,
      1.3804434985056016,
      5.224843338967612,
      2.208450626809752,
      3.729853100655972,
      1.9837805484732278,
      0.4346598751494939,
      4.002459642297269,
      5.492829414815627,
      4.193569106263684,
      3.550255155997792,
      4.532497571438165,
      4.950963851846636,
      4.249812059587967,
      5.032630131543757,
      1.0106716265425622,
      0.44031291300289,
      6.9281123406832466,
      2.291787670481233,
      2.472901974502529,
      -0.15261610066148035,
      5.040634222142349,
      -0.5489260743238517,
      3.7709937641161724,
      5.338426012872527,
      1.6399463762175055,
      3.3858221973771827,
      1.4880239647918776,
      0.29120989566999245,
      -0.8528386499040049,
      5.824598842277427,
      4.045850389267126,
      4.195964531135019,
      1.2978595858898443,
      5.71597428402277,
      2.367197678919139,
      2.426521742304549
    ],
    "extra": {
      "seed": 3
    },
    "n-a": 3,
    "n-b": 2,
    "n-qubit": 5
  },
  "data-circuit": {
    "directions": [
      1,
      1,
      1,
      1,
      1,
      1,
      1,
      1,
      1,
      1,
      1,
      1,
      1,
      1,
      1,
      1,
      1,
      1,
      1,
      1,
      1,
      1,
      1,
      1,
      1,
      1,
      1,
      1,
      1,
      1,
      1,
      1,
      1,
      1,
      1,
      1,
      1,
      1,
      1,
      1,
      1,
      1,
      1,
      1,
      1,
      1,
      1,
      1,
      1,
      1,
      1,
      1,
      1,
      1,
      1,
      1,
      1,
      1,
      1,
      1,
      1,
      1,
      1,
      1,
      1
    ],
    "data_parameters": [
      0.08434410802104995,
      1.8342444180544004,
      2.862681744271057,
      5.975131984406979,
      5.268489374822872,
      4.826134269700085,
      0.08589160526062314,
      3.776575038611209,
      1.6302700995649078,
      1.1727763281498644,
      0.20729635685386053,
      0.07697625234881636,
      4.714066891064324,
      0.7008614527014497,
      4.965746305969855,
      2.621816725263876,
      0.6598103847619304,
      2.9518063266003516,
      2.9487260836627613,
      3.26988006321231,
      5.4416192580231,
      4.066827667197256,
      1.1339752560443683,
      4.5912329021076115,
      3.295450203228433,
      5.016766170693872,
      0.4804491737914185,
      3.1840859114446918,
      5.618981523345655,
      4.361753481199718,
      1.6238131343285904,
      1.342708643537998,
      5.699635783013399,
      5.187566107129085,
      5.90157114858279,
      1.0792119923357584,
      4.410652834292624,
      2.719069596526436,
      2.650512758740965,
      5.228893602159267,
      5.852715359732573,
      4.657114115873604,
      6.101729656358055,
      4.647685438513749,
      4.038536757556044,
      2.2074519744590657,
      3.5579932721616023,
      0.6955121805269665,
      2.239136501936048,
      5.392845532477324,
      6.489277713888621,
      4.379616937824829,
      2.030725924197946,
      4.027032245145611,
      2.4455776548394597,
      -0.18597282055084313,
      4.22500225172794,
      4.2903336357885715,
      6.140345782598895,
      3.201892194861719,
      2.0937978809055346,
      3.2521077869214965,
      1.240796373870689,
      0.3369071482830228,
      3.884403461189693
    ],
    "n-qubit": 5,
    "extra": {
      "seed": 3
    }
  }
}