{
  "name": "CompositeSampler",
  "svd-circuit": {
    "directions": [
      2,
      2,
      2,
      0,
      1,
      0,
      2,
      2,
      2,
      0,
      2,
      0,
      0,
      2,
      0,
      1,
      2,
      1,
      1,
      2,
      0,
      0,
      1,
      2,
      2,
      1,
      1,
      2,
      2,
      1,
      0,
      2,
      0,
      1,
      2,
      2,
      2,
      2,
      0,
      2,
      0,
      0,
      0,
      1,
      0,
      2,
      1,
      1,
      1,
      0,
      0,
      2,
      0,
      1,
      0,
      1,
      0,
      1,
      2,
      2
    ],
    "parameters": [
      2.0915313664393325,
      1.0092726689299611,
      2.279041203900158,
      -1.0577203933163033,
      4.8829959107441105,
      0.9308235156528919,
      1.754981967886627,
      2.5861960704851312,
      1.8048927010005373,
      4.8801680310796955,
      3.3375308623466475,
      1.6871896019535877,
      4.036350873516237,
      -0.18658342144731735,
      -0.26094202928093163,
      4.2970026495276485,
      2.2411875428364674,
      5.82762018193599,
      3.2821597033123995,
      2.300460056423713,
      2.9826885610599145,
      4.722336874787512,
      -0.39613833702324663,
      -0.27196667642487926,
      1.8630077704281025,
      4.363478776968243,
      3.131028929375031,
      2.662928501946765,
      2.04079319782939,
      0.28308511390827834,
      4.57364838924552,
      5.490273831915521,
      3.458609693440429,
      4.142406564081824,
      4.476639957728645,
      3.0467537415851216,
      4.168202154955731,
      5.469002064329161,
      0.5979077262343534,
      -0.5986869930986769,
      6.6643976474068385,
      1.9962474917335926,
      2.860996175362928,
      -0.20873324673607127,
      4.184280269614523,
      0.8194064240258239,
      4.625481894796943,
      5.640908803917553,
      1.6724135633485067,
      2.5294682448491055,
      1.8482403573151922,
      0.587363080807626,
      -0.9324805445486894,
      5.768481696202515,
      3.1894964367391236,
      3.862418297227935,
      1.81034553068489,
      5.9789472477665635,
      2.3671977391996135,
      2.426521829182887
    ],
    "extra": {
      "seed": 3
    },
    "n-a": 3,
    "n-b": 2,
    "n-qubit": 5
  },
  "data-circuit": {
    "directions": [
      1,
      1,
      1,
      1,
      1,
      1,
      1,
      1,
      1,
      1,
      1,
      1,
      1,
      1,
      1,
      1,
      1,
      1,
      1,
      1,
      1,
      1,
      1,
      1,
      1,
      1,
      1,
      1,
      1,
      1,
      1,
      1,
      1,
      1,
      1,
      1,
      1,
      1,
      1,
      1,
      1,
      1,
      1,
      1,
      1,
      1,
      1,
      1,
      1,
      1,
      1,
      1,
      1,
      1,
      1,
      1,
      1,
      1,
      1,
      1,
      1,
      1,
      1,
      1,
      1
    ],
    "data_parameters": [
      5.317202941954097,
      1.9795026861917864,
      0.4512676417438297,
      2.7457235538758122,
      6.104692247208345,
      0.8600221692800397,
      3.2163904946470585,
      3.0416155161638794,
      1.5779085584750419,
      2.2037867474903523,
      1.6280123294761593,
      4.639280497098059,
      3.6823331120713303,
      4.627452992045327,
      4.299445073885938,
      1.6979089307102166,
      5.374686768428763,
      3.8414566555145524,
      3.8976014211988654,
      2.0221546220862896,
      2.246066763158551,
      5.825567733658596,
      5.148802621992283,
      5.688371678345052,
      1.4352076016819393,
      1.0455775858801521,
      5.4841290885836855,
      5.954779415210547,
      5.015862223685364,
      3.704239578832299,
      3.8082745578310497,
      0.6304526513998531,
      1.1002738685376963,
      5.205837052120659,
      0.5015434398840737,
      2.659184423028853,
      4.735308527798767,
      3.6597418496788645,
      0.29542650876047816,
      0.4998311512448686,
      3.80801441319785,
      0.9528218735724564,
      4.127666563357399,
      2.971294396794369,
      3.699802218161557,
      2.1990504730831395,
      1.9188306115303722,
      5.5969621007426476,
      5.740459576283893,
      5.41350683533851,
      1.8151495119183612,
      1.696652394923052,
      4.938925872619724,
      4.598989416366233,
      3.415803581059113,
      5.4310288436436265,
      1.0241279712588376,
      3.3698202987411574,
      1.0442383818449836,
      3.565458787186262,
      0.2529931553247416,
      1.993235357899951,
      4.102505954089394,
      3.1853555523347024,
      6.261596854237591
    ],
    "n-qubit": 5,
    "extra": {
      "seed": 3
    }
  }
}