{
  "name": "CompositeSampler",
  "svd-circuit": {
    "directions": [
      0,
      1,
      1,
      0,
      0,
      1,
      0,
      1,
      0,
      0,
      0,
      2,
      1,
      1,
      2,
      1,
      2,
      0,
      1,
      0,
      2,
      0,
      2,
      0,
      2,
      2,
      1,
      2,
      1,
      1,
      2,
      0,
      2,
      1,
      1,
      2,
      2,
      1,
      0,
      2,
      1,
      0,
      1,
      2,
      1,
      0,
      0,
      2,
      2,
      2,
      2,
      1,
      2,
      0,
      2,
      0,
      2,
      0,
      1,
      0
    ],
    "parameters": [
      0.8442354444173306,
      1.879116427028214,
      3.2928390368249714,
      4.333239948420848,
      -0.6326154291200186,
      5.716490586805923,
      2.7191556824922216,
      3.904733778238815,
      3.0823194559831406,
      3.9534871330366115,
      5.811224521931907,
      -1.191099027135211,
      3.401794894179865,
      5.07852750834381,
      4.795672973572814,
      -0.08458238532898789,
      6.2871489360349475,
      1.3851581933764399,
      4.252764800771316,
      6.042912622054188,
      2.4883967901472595,
      5.865820055800296,
      1.5542720399717873,
      5.323848794872319,
      4.669328177846215,
      6.232265249433992,
      5.529404372038468,
      2.6048265276811717,
      -0.23341321893965933,
      3.2038930803051144,
      5.316815186442071,
      3.1472806929891375,
      2.3846422796776947,
      4.7135757331299075,
      4.514012132431208,
      2.0551204068830726,
      4.874731722985192,
      1.4202600993675247,
      4.770327737359548,
      4.557170821074518,
      5.210164386410191,
      3.7714544056536212,
      2.94882541494197,
      5.27986816615828,
      3.0322177512485924,
      3.5264636798033857,
      3.4261790647360555,
      6.079758902141515,
      5.7810735693045245,
      2.3191937982322557,
      1.3787373878994396,
      1.8623059824694792,
      3.3377169012911954,
      6.2790611052691245,
      2.410793063891828,
      2.864375292850981,
      3.2589517960833247,
      -0.01335543600299746,
      3.761161129611243,
      3.84673358805002
    ],
    "extra": {
      "seed": 1
    },
    "n-a": 3,
    "n-b": 2,
    "n-qubit": 6
  },
  "data-circuit": {
    "directions": [
      1,
      1,
      1,
      1,
      1,
      1,
      1,
      1,
      1,
      1,
      1,
      1,
      1,
      1,
      1,
      1,
      1,
      1,
      1,
      1,
      1,
      1,
      1,
      1,
      1,
      1,
      1,
      1,
      1,
      1,
      1,
      1,
      1,
      1,
      1,
      1,
      1,
      1,
      1,
      1,
      1,
      1,
      1,
      1,
      1,
      1,
      1,
      1,
      1,
      1,
      1,
      1,
      1,
      1,
      1,
      1,
      1,
      1,
      1,
      1,
      1,
      1,
      1,
      1,
      1,
      1,
      1,
      1,
      1,
      1,
      1,
      1
    ],
    "data_parameters": [
      5.737752855233807,
      3.3371627141133304,
      2.192640085713615,
      1.0946505100490436,
      2.4290951395660976,
      2.9484833880597243,
      3.6582219955538795,
      0.8570137474407068,
      2.0697098756632943,
      4.44988192218547,
      6.6637782345352425,
      3.582126922086339,
      2.2186572934273037,
      6.363062511051395,
      3.3031375857602767,
      2.6965656694138813,
      6.17324924363854,
      8.26605595796581,
      3.3485263756166312,
      6.294439317987538,
      0.2414706416222975,
      4.196417359372646,
      6.220991457668406,
      4.572765080180102,
      2.414687017013897,
      -0.5090322930958661,
      2.73323941533217,
      4.337828251572788,
      5.594849780314644,
      4.116119117787087,
      2.2555620291770513,
      5.4302550263439855,
      1.8681336556422203,
      6.000316592558824,
      2.5966987617112633,
      -0.4152908951967793,
      5.741893126640286,
      3.312422761959126,
      5.047215467904433,
      5.236781247324026,
      -0.29321362925931804,
      2.4250620909983587,
      5.417954099920331,
      0.5578791047394926,
      1.812230256525598,
      4.760675072161335,
      0.2654659582071518,
      4.555826427661288,
      -0.7830592517989535,
      7.758417803600096,
      3.8505473114821362,
      2.9979798908628315,
      0.9450374810413943,
      2.916707013289163,
      4.022104913669949,
      7.619735705368234,
      -0.5004483249737863,
      1.4948204754036902,
      4.85112150260402,
      3.210952838085019,
      4.474057354325372,
      3.907978712247295,
      5.7747229116741385,
      3.038207144043036,
      1.789558775278112,
      3.2101822046485835,
      5.148259383407238,
      3.473126576651437,
      2.728618403811308,
      1.0602365165475014,
      0.44518757754222127,
      -0.44443166231031406
    ],
    "n-qubit": 6,
    "extra": {
      "seed": 1
    }
  }
}