{
  "name": "CompositeSampler",
  "svd-circuit": {
    "directions": [
      0,
      1,
      1,
      0,
      0,
      1,
      0,
      1,
      0,
      0,
      0,
      2,
      1,
      1,
      2,
      1,
      2,
      0,
      1,
      0,
      2,
      0,
      2,
      0,
      2,
      2,
      1,
      2,
      1,
      1,
      2,
      0,
      2,
      1,
      1,
      2,
      2,
      1,
      0,
      2,
      1,
      0,
      1,
      2,
      1,
      0,
      0,
      2,
      2,
      2,
      2,
      1,
      2,
      0,
      2,
      0,
      2,
      0,
      1,
      0
    ],
    "parameters": [
      0.8442354444173306,
      1.1341206916371858,
      4.579232187974271,
      4.881008336395621,
      -0.06306697653997605,
      5.938893155586382,
      2.7191556824922216,
      4.586519960678719,
      5.9912543664130515,
      4.50125552101141,
      5.364323912608481,
      -1.2591919678905459,
      3.401794894179865,
      5.030921687154408,
      3.871604084881203,
      0.6179875102829709,
      6.1436247046259,
      1.3899857596551808,
      4.252764800771316,
      6.9848659996793065,
      2.2874200060430816,
      5.1819209372707515,
      1.4107478085629002,
      5.328676361151189,
      4.669328177846215,
      5.463284928746896,
      5.642106542709335,
      3.1477123889603673,
      -0.21060493336664263,
      3.9868866142287276,
      5.316815186442071,
      3.7458877864129585,
      2.735729075264594,
      4.736067142897974,
      4.7096634795066015,
      1.8353712959181245,
      4.874731722985192,
      1.684941597468735,
      4.867949910468856,
      4.5655854177348525,
      4.6517782723930745,
      3.8174997591915485,
      2.94882541494197,
      3.5770449705142213,
      3.4160350857093045,
      3.270118254277853,
      2.8365675908251764,
      6.030333993759013,
      5.7810735693045245,
      0.6163706025933573,
      3.4610570978442508,
      0.500422122321331,
      3.06576828957727,
      6.268591494715403,
      2.410793063891828,
      1.9772714316834474,
      3.2589517264317007,
      3.1472161026560226,
      4.087150337140275,
      3.8362639774962632
    ],
    "extra": {
      "seed": 1
    },
    "n-a": 3,
    "n-b": 2,
    "n-qubit": 6
  },
  "data-circuit": {
    "directions": [
      1,
      1,
      1,
      1,
      1,
      1,
      1,
      1,
      1,
      1,
      1,
      1,
      1,
      1,
      1,
      1,
      1,
      1,
      1,
      1,
      1,
      1,
      1,
      1,
      1,
      1,
      1,
      1,
      1,
      1,
      1,
      1,
      1,
      1,
      1,
      1,
      1,
      1,
      1,
      1,
      1,
      1,
      1,
      1,
      1,
      1,
      1,
      1,
      1,
      1,
      1,
      1,
      1,
      1,
      1,
      1,
      1,
      1,
      1,
      1,
      1,
      1,
      1,
      1,
      1,
      1,
      1,
      1,
      1,
      1,
      1,
      1
    ],
    "data_parameters": [
      6.6285282814771,
      3.9286113355207033,
      2.255362612683724,
      2.086330110861158,
      2.848890451167286,
      3.2796570362852506,
      3.8011761582461108,
      1.4233677352072303,
      3.758042345454133,
      3.5711456084696,
      7.409114827585923,
      3.9233362922572304,
      1.8609810762384715,
      6.513747752354808,
      2.7774646556037337,
      3.203618158766,
      5.18378179256379,
      7.064995989405104,
      5.73526572163605,
      7.198898496090895,
      1.0127128832924535,
      4.082591356899921,
      4.134567210530556,
      4.236390126280766,
      3.026297197941354,
      0.7527338478556425,
      2.958742131949507,
      4.100110003343612,
      5.426720832904211,
      5.374651715189574,
      3.0503284120024468,
      4.26947052938901,
      1.0152459780375815,
      5.768555592266905,
      2.1987941147617076,
      0.05137735337559522,
      4.241106764286747,
      3.362515319717927,
      4.96794404253917,
      5.8576325987842,
      -0.4972149959224665,
      2.6557754656960286,
      4.667108937836124,
      0.012002692315354302,
      2.781543783287728,
      4.752024379891299,
      -0.1926901664789346,
      3.956523914520015,
      -1.101824182307971,
      7.502538844838457,
      4.138188297764497,
      3.6889648637442085,
      0.6923726772855651,
      3.1919008168176726,
      4.39175512693376,
      8.06864169983032,
      0.18711661691361453,
      0.9420994003702847,
      5.523716415357379,
      3.693003762092141,
      4.511638296327052,
      3.4004193879430855,
      4.581677178828494,
      3.6398994927888606,
      1.222854428973143,
      2.6046455574537783,
      4.716767456780262,
      3.250094711551916,
      3.6162963317780767,
      1.8767468237384464,
      0.12689569562692046,
      -0.09371134003643575
    ],
    "n-qubit": 6,
    "extra": {
      "seed": 1
    }
  }
}