{
  "name": "CompositeSampler",
  "svd-circuit": {
    "directions": [
      0,
      1,
      2,
      1,
      0,
      2,
      1,
      2,
      2,
      2,
      2,
      0,
      1,
      1,
      1,
      2,
      0,
      0,
      0,
      2,
      2,
      0,
      1,
      2,
      1,
      1,
      1,
      1,
      1,
      0,
      1,
      1,
      1,
      1,
      2,
      2,
      2,
      1,
      0,
      2,
      1,
      2,
      2,
      2,
      1,
      0,
      1,
      2,
      1,
      0,
      0,
      2,
      2,
      0,
      0,
      0,
      0,
      2,
      0,
      0,
      0,
      0,
      2,
      1,
      0,
      2,
      1,
      0,
      0,
      2,
      2,
      1
    ],
    "parameters": [
      6.0069404902946655,
      0.2477252197083951,
      4.08187830732637,
      4.089374731521625,
      -0.032256563094768737,
      3.5002781204561177,
      4.280396020118044,
      1.7449034783756858,
      4.948326818348206,
      5.506502268993059,
      3.875292190124961,
      1.080939756082511,
      5.472861548918653,
      3.2057160315037723,
      4.666466225497822,
      5.927128478214089,
      -0.5237474280797216,
      0.8791405916311744,
      1.1103643873140343,
      -0.6448106222048418,
      3.161702789307355,
      3.0293826608348886,
      5.039033929364594,
      5.233936518822248,
      3.3009701540327847,
      5.098022271470044,
      1.012759049746146,
      0.17012171733896272,
      4.12376309773514,
      4.56909175631516,
      3.078848274082568,
      2.6138789869036128,
      4.851299317838181,
      6.05960534531339,
      1.8323579108823906,
      4.609377621503581,
      2.8685952631486797,
      1.3682334726218308,
      6.154084128924233,
      4.5434978969525375,
      0.9599255492602594,
      1.5789373107985145,
      5.22175325118143,
      3.5670536557097803,
      3.688668834189458,
      1.2134120899738645,
      3.352762736617169,
      5.976341176205925,
      5.542206396042146,
      3.481209317455001,
      7.243418306282578,
      0.5664010802756966,
      -0.469031219455595,
      1.5556345833907546,
      4.739845144976694,
      4.371866363650299,
      5.952056895608792,
      2.5384653797928594,
      5.701856824646282,
      2.408516557531589,
      1.567665385906038,
      1.5646255170180925,
      0.35354429244552577,
      5.541783745723175,
      0.32285022094670907,
      5.077541974719538,
      4.344793900710481,
      2.9720407781421283,
      0.7786059834602376,
      0.026364841401668178,
      3.9443089666988147,
      -0.14655972476244322
    ],
    "extra": {
      "seed": 2
    },
    "n-a": 3,
    "n-b": 2,
    "n-qubit": 6
  },
  "data-circuit": {
    "directions": [
      1,
      1,
      1,
      1,
      1,
      1,
      1,
      1,
      1,
      1,
      1,
      1,
      1,
      1,
      1,
      1,
      1,
      1,
      1,
      1,
      1,
      1,
      1,
      1,
      1,
      1,
      1,
      1,
      1,
      1,
      1,
      1,
      1,
      1,
      1,
      1,
      1,
      1,
      1,
      1,
      1,
      1,
      1,
      1,
      1,
      1,
      1,
      1,
      1,
      1,
      1,
      1,
      1,
      1,
      1,
      1,
      1,
      1,
      1,
      1,
      1,
      1,
      1,
      1,
      1,
      1,
      1,
      1,
      1,
      1,
      1,
      1
    ],
    "data_parameters": [
      5.737752855233807,
      3.3371627141133304,
      2.192640085713615,
      1.0946505100490436,
      2.4290951395660976,
      2.9484833880597243,
      3.6582219955538795,
      0.8570137474407068,
      2.0697098756632943,
      4.44988192218547,
      6.6637782345352425,
      3.582126922086339,
      2.2186572934273037,
      6.363062511051395,
      3.3031375857602767,
      2.6965656694138813,
      6.17324924363854,
      8.26605595796581,
      3.3485263756166312,
      6.294439317987538,
      0.2414706416222975,
      4.196417359372646,
      6.220991457668406,
      4.572765080180102,
      2.414687017013897,
      -0.5090322930958661,
      2.73323941533217,
      4.337828251572788,
      5.594849780314644,
      4.116119117787087,
      2.2555620291770513,
      5.4302550263439855,
      1.8681336556422203,
      6.000316592558824,
      2.5966987617112633,
      -0.4152908951967793,
      5.741893126640286,
      3.312422761959126,
      5.047215467904433,
      5.236781247324026,
      -0.29321362925931804,
      2.4250620909983587,
      5.417954099920331,
      0.5578791047394926,
      1.812230256525598,
      4.760675072161335,
      0.2654659582071518,
      4.555826427661288,
      -0.7830592517989535,
      7.758417803600096,
      3.8505473114821362,
      2.9979798908628315,
      0.9450374810413943,
      2.916707013289163,
      4.022104913669949,
      7.619735705368234,
      -0.5004483249737863,
      1.4948204754036902,
      4.85112150260402,
      3.210952838085019,
      4.474057354325372,
      3.907978712247295,
      5.7747229116741385,
      3.038207144043036,
      1.789558775278112,
      3.2101822046485835,
      5.148259383407238,
      3.473126576651437,
      2.728618403811308,
      1.0602365165475014,
      0.44518757754222127,
      -0.44443166231031406
    ],
    "n-qubit": 6,
    "extra": {
      "seed": 2
    }
  }
}