{
  "name": "CompositeSampler",
  "svd-circuit": {
    "directions": [
      0,
      1,
      1,
      0,
      0,
      1,
      0,
      1,
      0,
      0,
      0,
      2,
      1,
      1,
      2,
      1,
      2,
      0,
      1,
      0,
      2,
      0,
      2,
      0,
      2,
      2,
      1,
      2,
      1,
      1,
      2,
      0,
      2,
      1,
      1,
      2,
      2,
      1,
      0,
      2,
      1,
      0,
      1,
      2,
      1,
      0,
      0,
      2,
      2,
      2,
      2,
      1,
      2,
      0,
      2,
      0,
      2,
      0,
      1,
      0,
      1,
      1,
      0,
      2,
      1,
      0,
      2,
      2,
      0,
      1,
      2,
      0
    ],
    "parameters": [
      0.8442354444173306,
      1.362113426333828,
      5.6415763429371255,
      4.606835749885201,
      0.25687106642808283,
      5.4406116708687176,
      2.7191556824922216,
      4.849583167875977,
      5.3147334954389365,
      4.227082934501012,
      6.3095203104229345,
      -1.5655388064471571,
      3.401794894179865,
      5.643603806776104,
      4.334142954758105,
      1.0135000936188894,
      4.9581858877361435,
      1.0690998079949763,
      4.252764800771316,
      5.105174967974553,
      3.4983825911244413,
      6.6366447281459156,
      0.22530899167308885,
      5.007790409490855,
      4.669328177846215,
      6.247916029646576,
      6.573766994642407,
      3.0866353639270683,
      -0.27776122263217695,
      3.1073715954675363,
      5.316815186442071,
      2.3994646602555347,
      1.4081148529275604,
      5.267657112134894,
      3.3821625481144637,
      2.6170762460133594,
      4.874731722985192,
      1.7199922049519392,
      2.263664530473916,
      3.868868596377957,
      3.7367338094727702,
      2.9012699168513465,
      2.94882541494197,
      4.380637682296203,
      3.282213827492918,
      3.206382930621841,
      1.1529425622600604,
      4.072094331106199,
      5.7810735693045245,
      1.4199633143705779,
      3.0658692901381586,
      2.5564027369601483,
      2.139187521461267,
      6.007972050688554,
      2.410793063891828,
      3.283662437566552,
      3.2642982261449394,
      0.7057923349372219,
      0.8050072474427237,
      3.5756445334696028,
      5.912562268091905,
      4.574703544285532,
      1.8488769071214708,
      2.484304611716305,
      3.538178308435985,
      2.872854336673225,
      5.055259163703641,
      1.1134512415077802,
      1.289455859138794,
      5.939735693174388,
      0.20394665053914948,
      0.4369053204979885
    ],
    "extra": {},
    "n-a": 3,
    "n-b": 2,
    "n-qubit": 6
  },
  "data-circuit": {
    "directions": [
      1,
      1,
      1,
      1,
      1,
      1,
      1,
      1,
      1,
      1,
      1,
      1,
      1,
      1,
      1,
      1,
      1,
      1,
      1,
      1,
      1,
      1,
      1,
      1,
      1,
      1,
      1,
      1,
      1,
      1,
      1,
      1,
      1,
      1,
      1,
      1,
      1,
      1,
      1,
      1,
      1,
      1,
      1,
      1,
      1,
      1,
      1,
      1,
      1,
      1,
      1,
      1,
      1,
      1,
      1,
      1,
      1,
      1,
      1,
      1,
      1,
      1,
      1,
      1,
      1,
      1,
      1,
      1,
      1,
      1,
      1,
      1,
      1,
      1,
      1,
      1,
      1,
      1
    ],
    "data_parameters": [
      1.218545562238071,
      3.4308098724601948,
      0.8947466104530608,
      2.6777077920830217,
      4.088909946464418,
      0.12387004964567722,
      -0.427770999461259,
      7.532659262706225,
      2.5476608910749032,
      1.1289891237323162,
      6.589986831200194,
      2.799008357493735,
      6.3220644722136985,
      1.952345488880058,
      3.3305591889643686,
      2.0214978825346472,
      4.963726663669787,
      6.226068279126875,
      3.460086656321446,
      4.113356665593186,
      3.9465702737029624,
      -0.5949118356516748,
      4.254151615898256,
      4.0682066836459985,
      1.1502145583073031,
      -0.79186007508876,
      3.8340436183780024,
      2.5384549160749557,
      4.804048488056238,
      4.9381614611356355,
      4.705485749643581,
      4.413405290490298,
      2.402814641763259,
      4.55684976577866,
      2.867931908934994,
      6.181326112243172,
      0.082932814218398,
      1.8052958373328059,
      -0.07418176222074832,
      0.1578056737770348,
      0.06368109579593306,
      0.2081830217076791,
      -5.597834004830021,
      -6.073051088201797,
      -1.4978224977550787,
      -4.502611223095174,
      -3.34510715100043,
      -6.612534378425656,
      -2.449050681651769,
      -0.2753028384855375,
      -6.253731372862227,
      -2.7692774619930765,
      -4.6283309853786045,
      -5.92680100950728,
      -3.2012866090688297,
      -4.392625878968921,
      -4.283752156748957,
      -0.2962518453195224,
      -4.51262048425245,
      -5.253024027995209,
      -5.465154422208544,
      -3.5325174940959263,
      -4.417261397477943,
      -1.3377088051211292,
      -3.6007284218303126,
      -4.687256924143232,
      0.8987648127806452,
      -4.958781475320438,
      -1.7965537305357564,
      -2.2242772569186635,
      -6.002857922094574,
      -3.0447058384314074,
      -0.403206869263319,
      -4.150481773211602,
      -1.7916091563007523,
      -5.103225329348999,
      -3.44854520307469,
      -0.466671535622906
    ],
    "n-qubit": 6,
    "extra": {}
  }
}