{
  "name": "CompositeSampler",
  "svd-circuit": {
    "directions": [
      0,
      1,
      1,
      0,
      0,
      1,
      0,
      1,
      0,
      0,
      0,
      2,
      1,
      1,
      2,
      1,
      2,
      0,
      1,
      0,
      2,
      0,
      2,
      0,
      2,
      2,
      1,
      2,
      1,
      1,
      2,
      0,
      2,
      1,
      1,
      2,
      2,
      1,
      0,
      2,
      1,
      0,
      1,
      2,
      1,
      0,
      0,
      2,
      2,
      2,
      2,
      1,
      2,
      0,
      2,
      0,
      2,
      0,
      1,
      0,
      1,
      1,
      0,
      2,
      1,
      0,
      2,
      2,
      0,
      1,
      2,
      0
    ],
    "parameters": [
      0.8442354444173306,
      0.35885113431916793,
      5.640054694045148,
      3.800788705070005,
      0.05332620571694853,
      2.981368181661384,
      2.7191556824922216,
      3.4454063040286247,
      4.766508613402331,
      3.421035889686197,
      2.3751782343948626,
      -0.3166432352199161,
      3.401794894179865,
      3.123407195555566,
      4.825663271632683,
      -0.09459515100645295,
      4.368957235901715,
      1.635990504077271,
      4.252764800771316,
      4.7152422130031315,
      2.2996178919363617,
      5.203872676980528,
      -0.36391966016137844,
      5.5746811055735135,
      4.669328177846215,
      5.52899030907253,
      3.7355175382526338,
      3.6724952892883973,
      1.1313003631801217,
      1.4964877428629912,
      5.316815186442071,
      3.105786946304402,
      2.123916010774613,
      4.730277092716951,
      3.0373313236932904,
      1.838734795671528,
      4.874731722985192,
      1.1475288572088427,
      2.58620942759784,
      5.416642990506763,
      4.227464757030145,
      2.5647303200602964,
      2.94882541494197,
      4.541866071673106,
      3.1458820873030553,
      3.6727405961916606,
      2.942154046922198,
      5.773684122918519,
      5.7810735693045245,
      1.5811917037471357,
      3.089463365796826,
      1.5720146563358992,
      1.6232704419517339,
      6.0942198230398805,
      2.410793063891828,
      3.3861106225835096,
      3.5572141417411536,
      1.5036373435380348,
      -0.2858660335331012,
      3.66189230582089,
      5.912562268091905,
      4.740470717261189,
      1.3196440762663193,
      3.6591943128096576,
      3.481231339536786,
      2.959102109024628,
      5.055259163703641,
      1.113451432717385,
      1.1807061798499436,
      5.016739810479304,
      0.20394679325764903,
      0.5231530928493653
    ],
    "extra": {},
    "n-a": 3,
    "n-b": 2,
    "n-qubit": 6
  },
  "data-circuit": {
    "directions": [
      1,
      1,
      1,
      1,
      1,
      1,
      1,
      1,
      1,
      1,
      1,
      1,
      1,
      1,
      1,
      1,
      1,
      1,
      1,
      1,
      1,
      1,
      1,
      1,
      1,
      1,
      1,
      1,
      1,
      1,
      1,
      1,
      1,
      1,
      1,
      1,
      1,
      1,
      1,
      1,
      1,
      1,
      1,
      1,
      1,
      1,
      1,
      1,
      1,
      1,
      1,
      1,
      1,
      1,
      1,
      1,
      1,
      1,
      1,
      1,
      1,
      1,
      1,
      1,
      1,
      1,
      1,
      1,
      1,
      1,
      1,
      1
    ],
    "data_parameters": [
      5.186276094520449,
      4.8072812949297745,
      3.324258358774507,
      1.9845610155292777,
      -0.07303111127117726,
      4.572952760218314,
      3.2870929577590444,
      4.727419958703167,
      2.3588265825573456,
      5.205029022853101,
      1.8041349200337262,
      4.953339070532937,
      4.348281959869722,
      3.110346283407199,
      3.094424200265976,
      4.421326062167764,
      1.4597100882106784,
      3.4699956048037506,
      5.6235870970422095,
      1.3286934526560021,
      4.6793627711140475,
      4.664909918415813,
      5.479921403798708,
      2.075902631018365,
      0.8118499375455468,
      5.107502803867372,
      5.391714266689645,
      2.217733835747366,
      0.8822683689586954,
      1.405277279150596,
      3.7116947264028055,
      2.0226321209896927,
      6.064246027694614,
      4.150995198994771,
      1.4426990576516598,
      3.6901249435792067,
      2.4620395248867006,
      5.872072582083801,
      6.348852742912889,
      2.6614704032215584,
      4.344111731889559,
      4.39468181526225,
      4.8310033851402,
      6.023255893322495,
      0.026597333290010884,
      2.3285769193837322,
      4.049734994266227,
      2.1169513256613026,
      3.956109633097372,
      0.3348633664465989,
      6.029541672240107,
      3.7122225089562155,
      0.5525867273962062,
      4.075397615313851,
      1.8906132066133752,
      1.191571170504893,
      2.9305208261085496,
      1.0647254857148545,
      1.6806689495836624,
      5.557043586780899,
      4.15958426506017,
      0.10317666942468752,
      4.799343727951764,
      -0.1301245514426259,
      2.23866267359283,
      5.511440708894213,
      4.4190079594558656,
      1.7934627078560264,
      2.4502027664223722,
      2.4295283229600853,
      1.0922308544585635,
      6.397919020977862
    ],
    "n-qubit": 6,
    "extra": {}
  }
}