{
  "name": "CompositeSampler",
  "svd-circuit": {
    "directions": [
      0,
      1,
      1,
      0,
      0,
      1,
      0,
      1,
      0,
      0,
      0,
      2,
      1,
      1,
      2,
      1,
      2,
      0,
      1,
      0,
      2,
      0,
      2,
      0,
      2,
      2,
      1,
      2,
      1,
      1,
      2,
      0,
      2,
      1,
      1,
      2,
      2,
      1,
      0,
      2,
      1,
      0,
      1,
      2,
      1,
      0,
      0,
      2,
      2,
      2,
      2,
      1,
      2,
      0,
      2,
      0,
      2,
      0,
      1,
      0,
      1,
      1,
      0,
      2,
      1,
      0,
      2,
      2,
      0,
      1,
      2,
      0
    ],
    "parameters": [
      0.8442354444173306,
      3.2464547806289157,
      3.673518798696499,
      4.154448280768851,
      0.06878339999920809,
      3.479840537246151,
      2.7191556824922216,
      3.830499442613503,
      5.102750893504424,
      3.7746954653845908,
      1.9451376401926446,
      -1.172605526118974,
      3.401794894179865,
      3.2012558909385995,
      4.903168079798529,
      2.2744247040478434,
      4.664404667723953,
      0.2213337455269753,
      4.252764800771316,
      4.967867077460108,
      1.6942777431662515,
      5.15256327428056,
      -0.06847222833865892,
      4.160024347023078,
      4.669328177846215,
      6.461033080033577,
      5.553752849346348,
      2.5673636558070094,
      -0.3585867382351331,
      4.378068153652947,
      5.316815186442071,
      3.435779138221037,
      3.934420422973693,
      3.582060311440781,
      1.3564339308875204,
      1.7890475966117074,
      4.874731722985192,
      1.3707537894952624,
      3.880791667395316,
      4.982561410340892,
      2.0549655577252777,
      1.5352226991954947,
      2.94882541494197,
      4.103557383711432,
      3.399477093021881,
      5.188641926894559,
      2.723840113297537,
      3.405791926791393,
      5.7810735693045245,
      1.1428830157845002,
      2.453464038684988,
      2.0286428396970906,
      2.9597679798252385,
      5.021421074288595,
      2.410793063891828,
      2.9493870997259846,
      1.1526954120838995,
      0.00752998771971657,
      1.6889725500328165,
      2.589093557069784,
      5.912562268091905,
      3.32988870770834,
      1.0551037749635086,
      3.9547984760322965,
      3.607559457134502,
      1.886303360273579,
      5.055259163703641,
      1.1134512720480245,
      0.8374216382739449,
      5.0167396509369775,
      0.2039469621671961,
      -0.5496456559016235
    ],
    "extra": {},
    "n-a": 3,
    "n-b": 2,
    "n-qubit": 6
  },
  "data-circuit": {
    "directions": [
      1,
      1,
      1,
      1,
      1,
      1,
      1,
      1,
      1,
      1,
      1,
      1,
      1,
      1,
      1,
      1,
      1,
      1,
      1,
      1,
      1,
      1,
      1,
      1,
      1,
      1,
      1,
      1,
      1,
      1,
      1,
      1,
      1,
      1,
      1,
      1,
      1,
      1,
      1,
      1,
      1,
      1,
      1,
      1,
      1,
      1,
      1,
      1,
      1,
      1,
      1,
      1,
      1,
      1,
      1,
      1,
      1,
      1,
      1,
      1,
      1,
      1,
      1,
      1,
      1,
      1,
      1,
      1,
      1,
      1,
      1,
      1
    ],
    "data_parameters": [
      0.7368633054447602,
      3.931645878031731,
      5.49877799501712,
      0.01316464697983982,
      5.730603163730955,
      3.4480391073013017,
      1.1292359688843894,
      4.358025153292111,
      3.294126841776553,
      2.205606692240173,
      1.3209053991879478,
      2.720296310186033,
      1.4617621415736826,
      3.4076749421044497,
      2.0392675426482887,
      4.978267164597794,
      3.1497765848507107,
      2.777024982343915,
      5.917036032326419,
      5.286355960069787,
      1.2422208013817657,
      3.206044518418386,
      1.6465224845335789,
      3.9536040896080635,
      0.8678902666486613,
      1.4677241251176882,
      3.5148115979915016,
      2.1082915294548443,
      1.4594210369611003,
      6.263513230535808,
      3.188045415503161,
      1.3686806941078486,
      0.4185446181447502,
      3.711696528124669,
      3.7508323632685534,
      5.737142226445876,
      0.42105210704833634,
      2.347248292857282,
      4.889284837552047,
      2.9702533497354002,
      1.2857967260346024,
      5.952331076007356,
      1.9251292150208454,
      4.176845143187283,
      3.1976862275253413,
      1.8811584950043116,
      5.9646053622624855,
      3.457722889290249,
      2.997580776522567,
      4.542441307982663,
      6.376288594565685,
      1.593058060463587,
      5.404395886430115,
      4.884664381805429,
      5.98043451183072,
      3.436191244853239,
      6.394628040984063,
      5.134498064388034,
      4.125300275056845,
      6.3880130015303545,
      -0.12364786442912791,
      2.7874615762388313,
      0.22241743765501426,
      2.881757286307849,
      5.382843166879744,
      5.072787666452082,
      2.816359916948466,
      4.387783055197729,
      2.151060834399073,
      1.9733015076209715,
      4.756146190457643,
      4.945159396673931
    ],
    "n-qubit": 6,
    "extra": {}
  }
}