{
  "name": "CompositeSampler",
  "svd-circuit": {
    "directions": [
      0,
      1,
      1,
      0,
      0,
      1,
      0,
      1,
      0,
      0,
      0,
      2,
      1,
      1,
      2,
      1,
      2,
      0,
      1,
      0,
      2,
      0,
      2,
      0,
      2,
      2,
      1,
      2,
      1,
      1,
      2,
      0,
      2,
      1,
      1,
      2,
      2,
      1,
      0,
      2,
      1,
      0,
      1,
      2,
      1,
      0,
      0,
      2,
      2,
      2,
      2,
      1,
      2,
      0,
      2,
      0,
      2,
      0,
      1,
      0,
      1,
      1,
      0,
      2,
      1,
      0,
      2,
      2,
      0,
      1,
      2,
      0
    ],
    "parameters": [
      0.8442354444173306,
      2.026276993280811,
      5.193949156099819,
      4.787378114339725,
      0.7510429971521593,
      5.096510319080571,
      2.7191556824922216,
      4.484280759029531,
      4.6623398347554845,
      4.407625298955468,
      5.550367932928755,
      -0.8760470248079557,
      3.401794894179865,
      4.212012479394106,
      3.9014930318416767,
      1.6582247014042353,
      5.543542299567398,
      1.7241696487240141,
      4.252764800771316,
      6.662514892239277,
      2.902314706480064,
      5.510482329359685,
      0.8106654035042643,
      5.662860250220268,
      4.669328177846215,
      6.157403792999343,
      6.113288137787407,
      3.1199866253322615,
      -0.02873049756306048,
      2.0757815684486807,
      5.316815186442071,
      2.9592000569111394,
      2.6187844455855247,
      5.332737924431854,
      4.194874657158031,
      1.676763087964799,
      4.874731722985192,
      1.671079724007543,
      4.5195792767178595,
      4.647343362835249,
      4.688010736045713,
      3.0502816997779494,
      2.94882541494197,
      4.948325841399089,
      4.228322231246124,
      4.386859621067305,
      2.9367500915335336,
      4.2202076816491925,
      5.7810735693045245,
      1.987651473474021,
      0.2760469199279181,
      1.2427643074309656,
      5.027333701243539,
      6.1567863704388035,
      2.410793063891828,
      3.3654871152033436,
      2.2937408333535623,
      0.8252927156027122,
      2.4462860099313493,
      3.7244588532198377,
      5.912562268091905,
      3.2611212563607217,
      1.735871988714191,
      1.6731965424113124,
      5.179714554474134,
      3.021668656423423,
      5.055259163703641,
      1.113451158895328,
      1.3843307431293266,
      4.848233212152184,
      0.20394670741707138,
      0.5857196402481992
    ],
    "extra": {},
    "n-a": 3,
    "n-b": 2,
    "n-qubit": 6
  },
  "data-circuit": {
    "directions": [
      1,
      1,
      1,
      1,
      1,
      1,
      1,
      1,
      1,
      1,
      1,
      1,
      1,
      1,
      1,
      1,
      1,
      1,
      1,
      1,
      1,
      1,
      1,
      1,
      1,
      1,
      1,
      1,
      1,
      1,
      1,
      1,
      1,
      1,
      1,
      1,
      1,
      1,
      1,
      1,
      1,
      1,
      1,
      1,
      1,
      1,
      1,
      1,
      1,
      1,
      1,
      1,
      1,
      1,
      1,
      1,
      1,
      1,
      1,
      1,
      1,
      1,
      1,
      1,
      1,
      1,
      1,
      1,
      1,
      1,
      1,
      1
    ],
    "data_parameters": [
      6.312948840523432,
      4.12639191865486,
      2.1688174699962683,
      1.6336427194804182,
      2.769793428491286,
      3.213722402201197,
      3.9015138123599358,
      1.9054393322572125,
      3.5024837553005876,
      3.6262423005417603,
      5.875467283060205,
      3.261799653944188,
      1.4680791110712508,
      6.834974861614079,
      2.9711891918055398,
      2.456889608626399,
      5.90594645015002,
      6.960420366316594,
      4.4987497774091345,
      6.704757006598223,
      0.7897347335722744,
      4.274637689976412,
      6.00264943141663,
      4.249533448015271,
      3.0287832207403005,
      0.26177536065809054,
      2.705115368441836,
      4.805795113551888,
      6.106074611630472,
      5.659508602762443,
      2.584098625608154,
      5.9586702366890405,
      1.287336569007504,
      5.250639642647691,
      3.071846108475203,
      0.24748467887336256,
      5.162277860222676,
      2.5612213382876012,
      5.086803398526378,
      5.403444381239136,
      0.29624583849275676,
      2.212271833796001,
      5.335236286996914,
      0.986224890774855,
      2.6919853904483415,
      5.261330473241232,
      0.05887756516228799,
      3.8233913652476175,
      0.2223789516964086,
      6.484293684835733,
      4.444278423712942,
      2.807789803193391,
      0.8220299653988549,
      2.0746526216504444,
      3.7680876299485737,
      7.3540170168512144,
      -0.15089748739172953,
      2.406966430039928,
      5.150900586771313,
      3.8377800017786012,
      4.3874408142542745,
      2.9889197098392493,
      5.520272963235294,
      3.156917120126756,
      1.776689060997304,
      3.4052085299489185,
      4.500563799709157,
      2.1022308376415175,
      3.14897667595291,
      1.8362117712992652,
      0.1391005411340557,
      -0.1804363827999242
    ],
    "n-qubit": 6,
    "extra": {}
  }
}