{
  "name": "CompositeSampler",
  "svd-circuit": {
    "directions": [
      0,
      1,
      1,
      0,
      0,
      1,
      0,
      1,
      0,
      0,
      0,
      2,
      1,
      1,
      2,
      1,
      2,
      0,
      1,
      0,
      2,
      0,
      2,
      0,
      2,
      2,
      1,
      2,
      1,
      1,
      2,
      0,
      2,
      1,
      1,
      2,
      2,
      1,
      0,
      2,
      1,
      0,
      1,
      2,
      1,
      0,
      0,
      2,
      2,
      2,
      2,
      1,
      2,
      0,
      2,
      0,
      2,
      0,
      1,
      0,
      1,
      1,
      0,
      2,
      1,
      0,
      2,
      2,
      0,
      1,
      2,
      0
    ],
    "parameters": [
      0.8442354444173306,
      0.17385494309128924,
      4.032321791441781,
      3.8725259441723043,
      0.7555966242413783,
      4.209636754844839,
      2.7191556824922216,
      3.9549511371885497,
      4.745847940684524,
      3.492773128787421,
      5.282517021685105,
      0.9259035216358676,
      3.401794894179865,
      4.359553690654114,
      5.064875114759291,
      2.3072558834848316,
      5.4092301401227,
      0.9349521768736542,
      4.252764800771316,
      5.050196237004214,
      1.8379030250212909,
      5.466653185559577,
      0.676353244059479,
      4.873642778369922,
      4.669328177846215,
      4.852003592204685,
      5.062577182596842,
      2.758349941263268,
      -1.9062254426277392,
      2.725140570194006,
      5.316815186442071,
      2.631394474911604,
      1.8318420592490448,
      4.859385200015293,
      3.0480547544963064,
      3.162865525766289,
      4.874731722985192,
      1.7590304327601776,
      3.249284922897165,
      2.9222606984372166,
      2.7396281234604807,
      3.5109119598458594,
      2.94882541494197,
      3.9777005399806655,
      3.2313317058983095,
      4.282943372603438,
      2.9287086456321316,
      4.388215248783191,
      5.7810735693045245,
      1.0170261720542337,
      0.9285853005813588,
      1.1702915660201705,
      4.391165073394327,
      6.28410340859322,
      2.410793063891828,
      2.085926155317699,
      1.6365176705988627,
      2.290844211409053,
      2.7906619679745663,
      3.8517758913741145,
      5.912562268091905,
      3.3443739385249036,
      2.1123020426814203,
      1.825894415016267,
      3.9597826844240473,
      3.1489856945779264,
      5.055259163703641,
      1.1134511063293426,
      1.5546774331152422,
      5.016739460677023,
      0.2039466066806259,
      0.7130366784024588
    ],
    "extra": {},
    "n-a": 3,
    "n-b": 2,
    "n-qubit": 6
  },
  "data-circuit": {
    "directions": [
      1,
      1,
      1,
      1,
      1,
      1,
      1,
      1,
      1,
      1,
      1,
      1,
      1,
      1,
      1,
      1,
      1,
      1,
      1,
      1,
      1,
      1,
      1,
      1,
      1,
      1,
      1,
      1,
      1,
      1,
      1,
      1,
      1,
      1,
      1,
      1,
      1,
      1,
      1,
      1,
      1,
      1,
      1,
      1,
      1,
      1,
      1,
      1,
      1,
      1,
      1,
      1,
      1,
      1,
      1,
      1,
      1,
      1,
      1,
      1,
      1,
      1,
      1,
      1,
      1,
      1,
      1,
      1,
      1,
      1,
      1,
      1
    ],
    "data_parameters": [
      3.7622118671353943,
      3.734685217284337,
      2.6158761900285454,
      3.845436047126309,
      3.090220914056263,
      3.1592081777042553,
      1.127291063211147,
      0.9174531358600508,
      3.397544711106068,
      0.2362890686889123,
      4.22507015769698,
      3.3319214446108867,
      2.267463066814375,
      4.886558756297595,
      2.2370818972269393,
      2.9602363768596787,
      4.992320546674534,
      3.2438850447282017,
      3.3078504770019217,
      -0.3422754950083825,
      3.3355518438944802,
      1.8662208238156044,
      1.216788300520973,
      4.206537074635712,
      2.2845965976879365,
      1.9878117960947146,
      2.9983104366221305,
      1.5765027610394722,
      1.7414134181473677,
      4.576800502169036,
      0.10008694104216595,
      5.66041859369362,
      4.621964095866512,
      4.4165854361317045,
      0.8431911955159166,
      3.8448126332467214,
      0.04451954601965713,
      3.572849173146024,
      2.9627373480362795,
      5.991869819706388,
      0.505345209347806,
      3.471904582184241,
      4.082908458512141,
      6.148385767306196,
      2.644218102768864,
      2.103392885842733,
      3.123244719925405,
      5.514992063159155,
      4.270814657437654,
      1.9773398569178195,
      4.2435789293524175,
      3.262612954678191,
      5.022145434956141,
      2.690870099828005,
      0.6065254841006376,
      0.8828189185855757,
      6.3566146911701695,
      0.07807118304729614,
      3.6937694293749557,
      4.803682030728961,
      2.641450541294113,
      5.377475386426939,
      3.256957413359156,
      6.16359203009155,
      5.604895746362974,
      0.10217205350274126,
      4.554583893688717,
      2.414181424763223,
      4.200137731511042,
      5.0239147248900755,
      3.8473700050823267,
      5.146768880091727
    ],
    "n-qubit": 6,
    "extra": {}
  }
}