{
  "name": "CompositeSampler",
  "svd-circuit": {
    "directions": [
      0,
      1,
      1,
      0,
      0,
      1,
      0,
      1,
      0,
      0,
      0,
      2,
      1,
      1,
      2,
      1,
      2,
      0,
      1,
      0,
      2,
      0,
      2,
      0,
      2,
      2,
      1,
      2,
      1,
      1,
      2,
      0,
      2,
      1,
      1,
      2,
      2,
      1,
      0,
      2,
      1,
      0,
      1,
      2,
      1,
      0,
      0,
      2,
      2,
      2,
      2,
      1,
      2,
      0,
      2,
      0,
      2,
      0,
      1,
      0,
      1,
      1,
      0,
      2,
      1,
      0,
      2,
      2,
      0,
      1,
      2,
      0
    ],
    "parameters": [
      0.8442354444173306,
      1.8412186295108295,
      4.582995159185157,
      4.5477121481610805,
      0.29490856638518226,
      4.950585804066615,
      2.7191556824922216,
      4.632722537666271,
      3.9972354996283483,
      4.16795933277683,
      5.792313577087132,
      0.15774627080628745,
      3.401794894179865,
      4.556990761595526,
      4.741334719460052,
      1.2724587816243713,
      5.715061335065769,
      1.4708344813428613,
      4.252764800771316,
      5.786826624675218,
      2.6465731310227847,
      4.867671133184587,
      0.9821844390027975,
      5.40952508283904,
      4.669328177846215,
      6.235619650988785,
      5.365434446263666,
      3.0010483122901968,
      1.8401076335882351,
      1.893500900470283,
      5.316815186442071,
      2.2165182363502844,
      2.7892553361659536,
      5.529446798131987,
      3.564830214531728,
      1.6990385541697735,
      4.874731722985192,
      1.4535587175822404,
      3.669366053594915,
      5.911218938102469,
      4.578928552733771,
      1.984245820217609,
      2.94882541494197,
      5.143165977904562,
      3.91451769266609,
      4.467612946489791,
      2.171758255888015,
      4.2219214512516405,
      5.7810735693045245,
      2.182491609978605,
      1.9827827593262535,
      1.4675765410768984,
      4.516559790659303,
      5.829862224152642,
      2.410793063891828,
      3.357169301218338,
      2.46650501211677,
      1.916220314815089,
      1.8805914484028132,
      3.3975347069343993,
      5.912562268091905,
      3.1666843956099,
      2.387322382360373,
      2.812848629984769,
      5.002579398112576,
      2.694744510138026,
      5.055259163703641,
      1.113451247496219,
      0.8746483444581872,
      5.509408669317174,
      0.20394681465275738,
      0.258795493962742
    ],
    "extra": {},
    "n-a": 3,
    "n-b": 2,
    "n-qubit": 6
  },
  "data-circuit": {
    "directions": [
      1,
      1,
      1,
      1,
      1,
      1,
      1,
      1,
      1,
      1,
      1,
      1,
      1,
      1,
      1,
      1,
      1,
      1,
      1,
      1,
      1,
      1,
      1,
      1,
      1,
      1,
      1,
      1,
      1,
      1,
      1,
      1,
      1,
      1,
      1,
      1,
      1,
      1,
      1,
      1,
      1,
      1,
      1,
      1,
      1,
      1,
      1,
      1,
      1,
      1,
      1,
      1,
      1,
      1,
      1,
      1,
      1,
      1,
      1,
      1,
      1,
      1,
      1,
      1,
      1,
      1,
      1,
      1,
      1,
      1,
      1,
      1
    ],
    "data_parameters": [
      1.7524580960445963,
      0.557457457403708,
      1.6957006994106971,
      4.936498848522406,
      1.6103446891639606,
      4.7340310015422515,
      1.8149430325335902,
      3.1096251893704085,
      4.632917143327801,
      0.4689071134370317,
      4.928591679879668,
      3.8003500175744587,
      1.4919527462700422,
      1.3795541585467739,
      3.3205661885449302,
      5.116988507243851,
      5.511349942958891,
      0.17880506860072556,
      2.160178805188393,
      5.952668121253901,
      1.8498100564530542,
      4.375566413758584,
      4.2831589724283,
      4.645820301492653,
      3.698994104996885,
      0.1864744128735136,
      6.141318260739653,
      4.840366541199919,
      5.045777061565966,
      4.0030186965171595,
      5.478127486599978,
      3.277644467710378,
      0.9045301902581052,
      1.9354341628130398,
      1.3706005249114155,
      5.81268201063388,
      1.2726070311756799,
      -0.10708036476199059,
      5.525020662647046,
      5.186896843586938,
      3.867052046638822,
      3.0306178396482344,
      1.6956531997446052,
      3.3331154690158087,
      4.566002769256421,
      4.93030318870101,
      0.48470982174821375,
      3.3958417135614423,
      -0.3345328712881762,
      6.181864215513325,
      5.432114919636485,
      0.6707630091533617,
      5.976153847276278,
      1.5320642490567296,
      3.891809376835741,
      2.255022660963414,
      0.22957836369994297,
      4.215006593632528,
      4.8783882701361385,
      0.8818784345848827,
      6.072303728068224,
      2.94612481622203,
      -0.21112410098564977,
      0.6608296943978614,
      0.3184870356106858,
      6.121060603606935,
      2.3079380915889756,
      1.0040923972227092,
      0.6200105333496227,
      3.572692351882168,
      1.5884228291462614,
      2.4709434113759134
    ],
    "n-qubit": 6,
    "extra": {}
  }
}