{
  "name": "CompositeSampler",
  "svd-circuit": {
    "directions": [
      0,
      1,
      1,
      0,
      0,
      1,
      0,
      1,
      0,
      0,
      0,
      2,
      1,
      1,
      2,
      1,
      2,
      0,
      1,
      0,
      2,
      0,
      2,
      0,
      2,
      2,
      1,
      2,
      1,
      1,
      2,
      0,
      2,
      1,
      1,
      2,
      2,
      1,
      0,
      2,
      1,
      0,
      1,
      2,
      1,
      0,
      0,
      2,
      2,
      2,
      2,
      1,
      2,
      0,
      2,
      0,
      2,
      0,
      1,
      0,
      1,
      1,
      0,
      2,
      1,
      0,
      2,
      2,
      0,
      1,
      2,
      0
    ],
    "parameters": [
      0.8442354444173306,
      0.20261657924000268,
      3.1862106613483046,
      3.2903350682136776,
      0.008310834883694274,
      4.216006859046439,
      2.7191556824922216,
      3.5226052402736783,
      4.919968064316517,
      2.910582252829485,
      6.541091194354107,
      -0.2668490284301197,
      3.401794894179865,
      4.267260548312477,
      3.274020332182035,
      1.644005551406704,
      5.443744032521247,
      1.2536023863769643,
      4.252764800771316,
      4.595045481336678,
      3.158238449311227,
      6.56319344426263,
      0.7108671364580369,
      5.192292987873034,
      4.669328177846215,
      5.746032947154697,
      5.01942122993276,
      3.3416255303366866,
      0.1472283430351103,
      2.8250606389654225,
      5.316815186442071,
      2.4895158057300892,
      1.723626286885862,
      4.322255961822554,
      4.852404246164468,
      4.21718294025202,
      4.874731722985192,
      2.227214300075532,
      3.0424574899578034,
      6.646537460676097,
      3.9192689746930465,
      0.6853361540244162,
      2.94882541494197,
      4.008409724203081,
      3.0011471197691315,
      4.577844810917946,
      2.9070867697659177,
      3.604629090058447,
      5.7810735693045245,
      1.0477353562777982,
      1.2760587635061023,
      2.824620407227187,
      2.7749018100765492,
      5.31072000688168,
      2.410793063891828,
      2.674103941470913,
      1.5160303343619514,
      -2.2498285742978013,
      3.304365828872761,
      2.878392489662752,
      5.912562268091905,
      1.9818969752643116,
      1.3942885649420067,
      3.756348274727426,
      4.068182599654281,
      2.1756022928668073,
      5.055259163703641,
      1.1134508720252785,
      0.5593414875984984,
      5.0167397580242765,
      0.2039462805423812,
      -0.2603467233086249
    ],
    "extra": {},
    "n-a": 3,
    "n-b": 2,
    "n-qubit": 6
  },
  "data-circuit": {
    "directions": [
      1,
      1,
      1,
      1,
      1,
      1,
      1,
      1,
      1,
      1,
      1,
      1,
      1,
      1,
      1,
      1,
      1,
      1,
      1,
      1,
      1,
      1,
      1,
      1,
      1,
      1,
      1,
      1,
      1,
      1,
      1,
      1,
      1,
      1,
      1,
      1,
      1,
      1,
      1,
      1,
      1,
      1,
      1,
      1,
      1,
      1,
      1,
      1,
      1,
      1,
      1,
      1,
      1,
      1,
      1,
      1,
      1,
      1,
      1,
      1,
      1,
      1,
      1,
      1,
      1,
      1,
      1,
      1,
      1,
      1,
      1,
      1
    ],
    "data_parameters": [
      0.9042007803047173,
      5.773436285593086,
      4.896123711308681,
      1.078671706056141,
      2.829565350803241,
      2.6486097162430124,
      4.178086847545921,
      4.491363892124298,
      0.8239904905036836,
      0.12058246197707288,
      5.2931179857539545,
      3.1182228473633784,
      4.576782569919519,
      -0.3085298239942943,
      3.049364058447467,
      4.771185063365108,
      1.0615017009384609,
      6.065488821471285,
      5.7902773125166584,
      0.5170287926359627,
      0.33595764235100584,
      3.279083178332498,
      6.470289726026716,
      2.4800435441958584,
      1.2954525965666228,
      3.0580073556711884,
      0.4514372808989615,
      1.4152668688657237,
      2.987930001826806,
      2.7834254980291866,
      1.4397122028220675,
      1.2673565711042187,
      1.4424904067427113,
      2.828289446271922,
      1.2990268139764256,
      0.047494574451289656,
      5.394283753241796,
      3.1820505618541453,
      4.050572280062091,
      1.4764983947063095,
      6.113058904126114,
      4.983921423043143,
      1.2080209048123438,
      2.1922884485451792,
      4.123172211900448,
      4.2847542776326675,
      5.700844317394119,
      2.5901732834118887,
      5.353173041373466,
      3.9866923728104933,
      2.072890520706218,
      3.764483576346587,
      5.383152087813251,
      5.12741732223388,
      2.9436924018627613,
      3.77266394839173,
      0.5178341144146297,
      1.5657157717245085,
      4.537637812198639,
      2.724806982385469,
      0.9578413024065301,
      3.4230886135323555,
      4.700513169335642,
      3.949242627901391,
      2.000960516428215,
      3.0086802633166063,
      2.9214920769032133,
      4.556682990516921,
      3.1054971013378214,
      2.7068658910608323,
      3.4165792187630983,
      -0.011399985483598881
    ],
    "n-qubit": 6,
    "extra": {}
  }
}