{
  "name": "CompositeSampler",
  "svd-circuit": {
    "directions": [
      0,
      1,
      1,
      0,
      0,
      1,
      0,
      1,
      0,
      0,
      0,
      2,
      1,
      1,
      2,
      1,
      2,
      0,
      1,
      0,
      2,
      0,
      2,
      0,
      2,
      2,
      1,
      2,
      1,
      1,
      2,
      0,
      2,
      1,
      1,
      2,
      2,
      1,
      0,
      2,
      1,
      0,
      1,
      2,
      1,
      0,
      0,
      2,
      2,
      2,
      2,
      1,
      2,
      0,
      2,
      0,
      2,
      0,
      1,
      0,
      1,
      1,
      0,
      2,
      1,
      0,
      2,
      2,
      0,
      1,
      2,
      0
    ],
    "parameters": [
      0.8442354444173306,
      1.8475926867406407,
      3.772939079808933,
      3.9995828409144294,
      0.011451028704616393,
      5.785183028967133,
      2.7191556824922216,
      4.23917349823698,
      4.544075808356178,
      3.6198300255303195,
      5.088866686856805,
      0.9003375770906034,
      3.401794894179865,
      4.872119185948161,
      3.5150651982638412,
      1.134678274165527,
      5.570521419046373,
      2.19030133393859,
      4.252764800771316,
      5.847357295712096,
      3.2361261474714773,
      4.853593484413515,
      0.8376445229832402,
      6.128991935434781,
      4.669328177846215,
      6.176148302092671,
      6.09090147560893,
      3.038242706567778,
      -0.1807941615298213,
      3.0610174549471516,
      5.316815186442071,
      1.9708885769707785,
      3.781854491436969,
      5.579402219330333,
      4.387931402743408,
      4.022274842993033,
      4.874731722985192,
      1.3312063926045608,
      2.7214294728431887,
      4.906297652978367,
      3.752203727317557,
      1.8424387084779181,
      2.94882541494197,
      3.33120476354239,
      3.60276664978189,
      4.716609270479535,
      2.8502815755686783,
      3.5951270153561454,
      5.7810735693045245,
      0.37053039561653006,
      1.2464054648423468,
      2.6029175170436907,
      3.947753066991999,
      5.840353816286524,
      2.410793063891828,
      2.986094331562924,
      3.580484019011658,
      1.3122276259135195,
      3.5277231489470062,
      3.408026299067503,
      5.912562268091905,
      2.98818312131034,
      2.465390844049446,
      2.3830932987137614,
      3.661765876417605,
      2.7052361022712565,
      5.055259163703641,
      1.1134511274638856,
      1.2529573917134125,
      4.75127358639465,
      0.20394657570134395,
      0.2692870860961492
    ],
    "extra": {},
    "n-a": 3,
    "n-b": 2,
    "n-qubit": 6
  },
  "data-circuit": {
    "directions": [
      1,
      1,
      1,
      1,
      1,
      1,
      1,
      1,
      1,
      1,
      1,
      1,
      1,
      1,
      1,
      1,
      1,
      1,
      1,
      1,
      1,
      1,
      1,
      1,
      1,
      1,
      1,
      1,
      1,
      1,
      1,
      1,
      1,
      1,
      1,
      1,
      1,
      1,
      1,
      1,
      1,
      1,
      1,
      1,
      1,
      1,
      1,
      1,
      1,
      1,
      1,
      1,
      1,
      1,
      1,
      1,
      1,
      1,
      1,
      1,
      1,
      1,
      1,
      1,
      1,
      1,
      1,
      1,
      1,
      1,
      1,
      1,
      1,
      1,
      1,
      1,
      1,
      1
    ],
    "data_parameters": [
      0.6033147937298081,
      6.692297975203404,
      5.60001320347005,
      5.9739165783674295,
      5.646245449228029,
      5.623784557257885,
      0.319717637312477,
      3.6222955455393526,
      2.296485300902352,
      4.267276093348058,
      3.7487345163934727,
      2.3313645239519087,
      3.310106089827942,
      3.8801984252545543,
      5.143679395152811,
      7.10075473716706,
      2.5725604459121802,
      4.6759603174948765,
      6.160948595891592,
      1.7914179490389306,
      0.6731720965868421,
      2.897276556162696,
      5.445941562841187,
      2.735819700318289,
      0.7604492205646787,
      4.106764463458359,
      1.8893011729485965,
      5.796201378698453,
      2.2828794788855085,
      5.1422638419853754,
      1.7564440895061737,
      7.513256498569188,
      0.6706950120851958,
      5.224611589489719,
      3.46018645397451,
      1.6656933088260277,
      0.545101189430915,
      3.327666501042297,
      6.0918020739355265,
      5.525520715211852,
      5.541525049849673,
      2.7165258210567065,
      1.584573283897977,
      3.3344366784621378,
      4.988649447971486,
      2.620622175151259,
      6.28784941033629,
      0.540144566921273,
      1.1578711393871954,
      -0.029553894395601396,
      1.5532142792821282,
      0.45924789394082266,
      1.8220353697707365,
      2.721317767888425,
      6.85665977410147,
      2.7899792351938926,
      4.197637479501227,
      2.4482530538763934,
      0.7393681334516903,
      2.8009970469935115,
      5.7465591801267095,
      1.7892409505541844,
      3.956966211365137,
      0.7670482598590345,
      3.8314293234991093,
      2.448902840920409,
      1.2047590314578642,
      -0.4968644875464153,
      5.7200616110995535,
      3.4699660638896668,
      0.5269848900085271,
      6.786565216066615,
      1.010104595225425,
      0.4625259033682758,
      -0.5762413267808116,
      2.275324777710749,
      4.159485051397853,
      6.274521363075195
    ],
    "n-qubit": 6,
    "extra": {}
  }
}