{
  "name": "CompositeSampler",
  "svd-circuit": {
    "directions": [
      1,
      2,
      1,
      1,
      0,
      1,
      0,
      1,
      2,
      2,
      1,
      0,
      2,
      2,
      1,
      2,
      2,
      2,
      2,
      0,
      1,
      2,
      2,
      1,
      1,
      0,
      2,
      0,
      1,
      1,
      1,
      2,
      0,
      2,
      2,
      1,
      2,
      1,
      1,
      0,
      2,
      0,
      0,
      0,
      2,
      2,
      2,
      2
    ],
    "parameters": [
      5.305658970563565,
      -0.471282314421023,
      2.366017563233297,
      6.499141863324211,
      3.1216025863615613,
      3.2936915028018463,
      0.8780486628429147,
      1.88691009220565,
      6.317232624621637,
      7.07526201127804,
      5.473970683074253,
      2.167884974136884,
      5.647567524490951,
      2.847438524055429,
      0.7040443223576633,
      2.6771944119838005,
      5.84587526868912,
      2.090367753448517,
      1.6367214572880235,
      5.0171636157373625,
      2.990863416087102,
      3.7324834473373096,
      4.037918705269314,
      2.73023912601857,
      1.5325372379185165,
      5.000759534534199,
      1.4974786877026933,
      0.7700049765521635,
      3.9692148349967966,
      2.4912504009985943,
      5.498335586290111,
      0.9383695011299443,
      -1.5823552426444554,
      2.658688492507161,
      1.2767551796828385,
      1.3994167836360205,
      2.795948511750474,
      5.416425027940186,
      3.644139405511923,
      1.1552813228864962,
      0.20717229967876064,
      1.1742822229865346,
      0.5643831064909464,
      3.445112803006177,
      5.2933335967295,
      5.799898213467344,
      4.294546981852761,
      3.2959953903352233
    ],
    "extra": {},
    "n-a": 3,
    "n-qubit": 6
  },
  "data-circuit": {
    "directions": [
      1,
      1,
      1,
      1,
      1,
      1,
      1,
      1,
      1,
      1,
      1,
      1,
      1,
      1,
      1,
      1,
      1,
      1,
      1,
      1,
      1,
      1,
      1,
      1,
      1,
      1,
      1,
      1,
      1,
      1,
      1,
      1,
      1,
      1,
      1,
      1,
      1,
      1,
      1,
      1,
      1,
      1,
      1,
      1,
      1,
      1,
      1,
      1,
      1,
      1,
      1,
      1,
      1,
      1,
      1,
      1,
      1,
      1,
      1,
      1,
      1,
      1,
      1,
      1,
      1,
      1,
      1,
      1,
      1,
      1,
      1,
      1
    ],
    "data_parameters": [
      5.186276094520449,
      4.8072812949297745,
      3.324258358774507,
      1.9845610155292777,
      -0.07303111127117726,
      4.572952760218314,
      3.2870929577590444,
      4.727419958703167,
      2.3588265825573456,
      5.205029022853101,
      1.8041349200337262,
      4.953339070532937,
      4.348281959869722,
      3.110346283407199,
      3.094424200265976,
      4.421326062167764,
      1.4597100882106784,
      3.4699956048037506,
      5.6235870970422095,
      1.3286934526560021,
      4.6793627711140475,
      4.664909918415813,
      5.479921403798708,
      2.075902631018365,
      0.8118499375455468,
      5.107502803867372,
      5.391714266689645,
      2.217733835747366,
      0.8822683689586954,
      1.405277279150596,
      3.7116947264028055,
      2.0226321209896927,
      6.064246027694614,
      4.150995198994771,
      1.4426990576516598,
      3.6901249435792067,
      2.4620395248867006,
      5.872072582083801,
      6.348852742912889,
      2.6614704032215584,
      4.344111731889559,
      4.39468181526225,
      4.8310033851402,
      6.023255893322495,
      0.026597333290010884,
      2.3285769193837322,
      4.049734994266227,
      2.1169513256613026,
      3.956109633097372,
      0.3348633664465989,
      6.029541672240107,
      3.7122225089562155,
      0.5525867273962062,
      4.075397615313851,
      1.8906132066133752,
      1.191571170504893,
      2.9305208261085496,
      1.0647254857148545,
      1.6806689495836624,
      5.557043586780899,
      4.15958426506017,
      0.10317666942468752,
      4.799343727951764,
      -0.1301245514426259,
      2.23866267359283,
      5.511440708894213,
      4.4190079594558656,
      1.7934627078560264,
      2.4502027664223722,
      2.4295283229600853,
      1.0922308544585635,
      6.397919020977862
    ],
    "n-qubit": 6,
    "extra": {}
  }
}