{
  "name": "CompositeSampler",
  "svd-circuit": {
    "directions": [
      0,
      1,
      1,
      0,
      0,
      1,
      0,
      1,
      0,
      0,
      0,
      2,
      1,
      1,
      2,
      1,
      2,
      0,
      1,
      0,
      2,
      0,
      2,
      0,
      2,
      2,
      1,
      2,
      1,
      1,
      2,
      0,
      2,
      1,
      1,
      2,
      2,
      1,
      0,
      2,
      1,
      0,
      1,
      2,
      1,
      0,
      0,
      2,
      2,
      2,
      2,
      1,
      2,
      0,
      2,
      0,
      2,
      0,
      1,
      0
    ],
    "parameters": [
      0.8442354444173306,
      2.1325618408912828,
      3.773320918771337,
      4.743414480854952,
      0.5775788569326983,
      5.152335861835595,
      2.7191556824922216,
      5.906317362832074,
      4.640449306178966,
      4.363661665470643,
      4.392850668859763,
      -1.4884665272737059,
      3.401794894179865,
      3.122917390590558,
      4.546418202528618,
      1.6267434248118715,
      5.736404962299367,
      1.2200875105796605,
      4.252764800771316,
      5.3419888941000595,
      2.6638675350793504,
      4.598456551604509,
      1.0035280662362507,
      5.1587781120759395,
      4.669328177846215,
      5.01845670905961,
      5.071105270313784,
      4.5669548354436404,
      -0.40678150550967423,
      2.1048466125856704,
      5.316815186442071,
      2.2729213623629185,
      2.8807288490732446,
      3.856152784612398,
      3.4332219818911494,
      1.7223291443780278,
      4.874731722985192,
      2.1271021557504493,
      5.186630547761117,
      4.797608508922231,
      4.285246311119433,
      2.3130937630810826,
      2.94882541494197,
      3.2863643282552055,
      3.743648375204874,
      4.293192689595062,
      2.576512299840366,
      6.277386140148813,
      5.7810735693045245,
      0.32568996032931113,
      3.029685672616504,
      0.4032732449419349,
      4.327145535668347,
      5.499563985865688,
      2.410793063891828,
      1.0746861144956141,
      3.258951886812778,
      1.321381850839322,
      2.868352745376443,
      3.0672364686466347
    ],
    "extra": {
      "seed": 1
    },
    "n-a": 3,
    "n-b": 2,
    "n-qubit": 6
  },
  "data-circuit": {
    "directions": [
      1,
      1,
      1,
      1,
      1,
      1,
      1,
      1,
      1,
      1,
      1,
      1,
      1,
      1,
      1,
      1,
      1,
      1,
      1,
      1,
      1,
      1,
      1,
      1,
      1,
      1,
      1,
      1,
      1,
      1,
      1,
      1,
      1,
      1,
      1,
      1,
      1,
      1,
      1,
      1,
      1,
      1,
      1,
      1,
      1,
      1,
      1,
      1,
      1,
      1,
      1,
      1,
      1,
      1,
      1,
      1,
      1,
      1,
      1,
      1,
      1,
      1,
      1,
      1,
      1,
      1,
      1,
      1,
      1,
      1,
      1,
      1
    ],
    "data_parameters": [
      5.186276094520449,
      4.8072812949297745,
      3.324258358774507,
      1.9845610155292777,
      -0.07303111127117726,
      4.572952760218314,
      3.2870929577590444,
      4.727419958703167,
      2.3588265825573456,
      5.205029022853101,
      1.8041349200337262,
      4.953339070532937,
      4.348281959869722,
      3.110346283407199,
      3.094424200265976,
      4.421326062167764,
      1.4597100882106784,
      3.4699956048037506,
      5.6235870970422095,
      1.3286934526560021,
      4.6793627711140475,
      4.664909918415813,
      5.479921403798708,
      2.075902631018365,
      0.8118499375455468,
      5.107502803867372,
      5.391714266689645,
      2.217733835747366,
      0.8822683689586954,
      1.405277279150596,
      3.7116947264028055,
      2.0226321209896927,
      6.064246027694614,
      4.150995198994771,
      1.4426990576516598,
      3.6901249435792067,
      2.4620395248867006,
      5.872072582083801,
      6.348852742912889,
      2.6614704032215584,
      4.344111731889559,
      4.39468181526225,
      4.8310033851402,
      6.023255893322495,
      0.026597333290010884,
      2.3285769193837322,
      4.049734994266227,
      2.1169513256613026,
      3.956109633097372,
      0.3348633664465989,
      6.029541672240107,
      3.7122225089562155,
      0.5525867273962062,
      4.075397615313851,
      1.8906132066133752,
      1.191571170504893,
      2.9305208261085496,
      1.0647254857148545,
      1.6806689495836624,
      5.557043586780899,
      4.15958426506017,
      0.10317666942468752,
      4.799343727951764,
      -0.1301245514426259,
      2.23866267359283,
      5.511440708894213,
      4.4190079594558656,
      1.7934627078560264,
      2.4502027664223722,
      2.4295283229600853,
      1.0922308544585635,
      6.397919020977862
    ],
    "n-qubit": 6,
    "extra": {
      "seed": 1
    }
  }
}