{
  "name": "CompositeSampler",
  "svd-circuit": {
    "directions": [
      1,
      2,
      1,
      1,
      0,
      1,
      0,
      1,
      2,
      2,
      1,
      0,
      2,
      2,
      1,
      2,
      2,
      2,
      2,
      0,
      1,
      2,
      2,
      1,
      1,
      0,
      2,
      0,
      1,
      1,
      1,
      2,
      0,
      2,
      2,
      1,
      2,
      1,
      1,
      0,
      2,
      0,
      0,
      0,
      2,
      2,
      2,
      2
    ],
    "parameters": [
      5.305658970563565,
      -1.0778840972453598,
      3.2123920053631414,
      6.485792912133009,
      4.726160158075706,
      1.2933163318514953,
      0.8780486628429147,
      4.786063946166979,
      6.391022661775215,
      6.532014821736431,
      6.311115147033038,
      1.5102000516637453,
      5.647567524490951,
      0.8569913654659407,
      0.19192417326691355,
      2.953745330157153,
      5.324112012131876,
      -0.3150799000714122,
      1.6367214572880235,
      6.422565251425839,
      4.390644479252376,
      3.7061573141347943,
      3.5161554487078237,
      3.6476356823758787,
      1.5325372379185165,
      3.5739832683580746,
      0.8906106755868967,
      1.6574903955943592,
      4.7199957359586495,
      1.802186887052484,
      5.498335586290111,
      1.4732786355724148,
      1.3047315292836352,
      3.938166680867972,
      1.2767542253283009,
      3.3842940108268005,
      2.795948511750474,
      4.894170598291841,
      2.767984438461253,
      1.155281213370759,
      0.20717152434482147,
      1.1883231192986203,
      0.5643831064909464,
      5.141957912475364,
      5.293333133999161,
      5.799898031205303,
      4.294546845152407,
      3.295995319674674
    ],
    "extra": {},
    "n-a": 3,
    "n-qubit": 6
  },
  "data-circuit": {
    "directions": [
      1,
      1,
      1,
      1,
      1,
      1,
      1,
      1,
      1,
      1,
      1,
      1,
      1,
      1,
      1,
      1,
      1,
      1,
      1,
      1,
      1,
      1,
      1,
      1,
      1,
      1,
      1,
      1,
      1,
      1,
      1,
      1,
      1,
      1,
      1,
      1,
      1,
      1,
      1,
      1,
      1,
      1,
      1,
      1,
      1,
      1,
      1,
      1,
      1,
      1,
      1,
      1,
      1,
      1,
      1,
      1,
      1,
      1,
      1,
      1,
      1,
      1,
      1,
      1,
      1,
      1,
      1,
      1,
      1,
      1,
      1,
      1
    ],
    "data_parameters": [
      1.7524580960445963,
      0.557457457403708,
      1.6957006994106971,
      4.936498848522406,
      1.6103446891639606,
      4.7340310015422515,
      1.8149430325335902,
      3.1096251893704085,
      4.632917143327801,
      0.4689071134370317,
      4.928591679879668,
      3.8003500175744587,
      1.4919527462700422,
      1.3795541585467739,
      3.3205661885449302,
      5.116988507243851,
      5.511349942958891,
      0.17880506860072556,
      2.160178805188393,
      5.952668121253901,
      1.8498100564530542,
      4.375566413758584,
      4.2831589724283,
      4.645820301492653,
      3.698994104996885,
      0.1864744128735136,
      6.141318260739653,
      4.840366541199919,
      5.045777061565966,
      4.0030186965171595,
      5.478127486599978,
      3.277644467710378,
      0.9045301902581052,
      1.9354341628130398,
      1.3706005249114155,
      5.81268201063388,
      1.2726070311756799,
      -0.10708036476199059,
      5.525020662647046,
      5.186896843586938,
      3.867052046638822,
      3.0306178396482344,
      1.6956531997446052,
      3.3331154690158087,
      4.566002769256421,
      4.93030318870101,
      0.48470982174821375,
      3.3958417135614423,
      -0.3345328712881762,
      6.181864215513325,
      5.432114919636485,
      0.6707630091533617,
      5.976153847276278,
      1.5320642490567296,
      3.891809376835741,
      2.255022660963414,
      0.22957836369994297,
      4.215006593632528,
      4.8783882701361385,
      0.8818784345848827,
      6.072303728068224,
      2.94612481622203,
      -0.21112410098564977,
      0.6608296943978614,
      0.3184870356106858,
      6.121060603606935,
      2.3079380915889756,
      1.0040923972227092,
      0.6200105333496227,
      3.572692351882168,
      1.5884228291462614,
      2.4709434113759134
    ],
    "n-qubit": 6,
    "extra": {}
  }
}