{
  "name": "CompositeSampler",
  "svd-circuit": {
    "directions": [
      0,
      1,
      1,
      0,
      0,
      1,
      0,
      1,
      0,
      0,
      0,
      2,
      1,
      1,
      2,
      1,
      2,
      0,
      1,
      0,
      2,
      0,
      2,
      0,
      2,
      2,
      1,
      2,
      1,
      1,
      2,
      0,
      2,
      1,
      1,
      2,
      2,
      1,
      0,
      2,
      1,
      0,
      1,
      2,
      1,
      0,
      0,
      2,
      2,
      2,
      2,
      1,
      2,
      0,
      2,
      0,
      2,
      0,
      1,
      0
    ],
    "parameters": [
      0.8442354444173306,
      1.1291412438318527,
      4.2344336600467365,
      4.331746187401941,
      -0.06258441630653892,
      3.1074796474530983,
      2.7191556824922216,
      5.457210031878493,
      4.926561800991635,
      3.9519933720181464,
      4.802728516507542,
      1.3117857723543667,
      3.401794894179865,
      3.660394982227348,
      4.125557090061432,
      -0.5152248097547231,
      6.260687016373232,
      0.7699407507268055,
      4.252764800771316,
      6.066281757747154,
      1.7559641144631395,
      4.056431196367339,
      1.5278101203098298,
      4.708631352223501,
      4.669328177846215,
      6.22655874341771,
      6.482073567710772,
      3.0019850898662903,
      -0.296170365743067,
      2.358059534565965,
      5.316815186442071,
      3.0573653410630177,
      2.7800180080586268,
      5.005620222719327,
      4.560583687864434,
      2.0679124961876605,
      4.874731722985192,
      1.486966292895879,
      4.838414668280347,
      5.28004099341344,
      4.7215220862801734,
      4.107008468707307,
      2.94882541494197,
      4.530494593248547,
      2.6950915353967217,
      2.5353649845913777,
      2.39221072143923,
      6.125256974092506,
      5.7810735693045245,
      1.5698202253235387,
      3.5302061894512593,
      1.5512544081620552,
      4.941921547478691,
      6.146146056457083,
      2.410793063891828,
      0.8504743143004292,
      3.2589516920471184,
      0.4023081480770024,
      2.096303126474117,
      3.713818539238423
    ],
    "extra": {
      "seed": 1
    },
    "n-a": 3,
    "n-b": 2,
    "n-qubit": 6
  },
  "data-circuit": {
    "directions": [
      1,
      1,
      1,
      1,
      1,
      1,
      1,
      1,
      1,
      1,
      1,
      1,
      1,
      1,
      1,
      1,
      1,
      1,
      1,
      1,
      1,
      1,
      1,
      1,
      1,
      1,
      1,
      1,
      1,
      1,
      1,
      1,
      1,
      1,
      1,
      1,
      1,
      1,
      1,
      1,
      1,
      1,
      1,
      1,
      1,
      1,
      1,
      1,
      1,
      1,
      1,
      1,
      1,
      1,
      1,
      1,
      1,
      1,
      1,
      1,
      1,
      1,
      1,
      1,
      1,
      1,
      1,
      1,
      1,
      1,
      1,
      1,
      1,
      1,
      1,
      1,
      1,
      1
    ],
    "data_parameters": [
      5.714326111059117,
      0.8453414690877868,
      3.9702484673703387,
      -0.0625331005267689,
      -1.8466435450825724,
      0.8747172574979172,
      3.5846925094494777,
      2.301437787178792,
      3.6786501517820946,
      5.388250803338569,
      4.7304513863845665,
      -0.19477217443387806,
      1.5361161895227582,
      0.6360672891553307,
      3.086615408633486,
      5.954435486178705,
      5.313359720153659,
      2.055994858591342,
      1.1829928383291441,
      3.8172979707100283,
      5.8360406520049395,
      3.8759596834207923,
      1.3520950427419915,
      1.9875275630708942,
      4.03350610087438,
      3.898296002434064,
      5.558376182983636,
      2.4718555035684675,
      2.2650238678213466,
      1.5244614511722394,
      2.6915326842044696,
      0.6847637031594797,
      2.363246628941652,
      1.0671430918590439,
      3.9749400044963967,
      3.0062161335471584,
      4.70669221454725,
      1.9583727827974993,
      2.114735957547103,
      6.1001023345181355,
      3.2301772756934386,
      1.1048087629971568,
      -1.3079202246937789,
      2.240771464585949,
      1.1160628036095346,
      1.4833655603633666,
      3.4412145012975017,
      5.333588095429718,
      7.7708651788066385,
      1.7631539029030534,
      4.658289884020258,
      3.1917956286124416,
      4.269971828512153,
      2.3107525128289166,
      5.4764672416670725,
      6.300576599800236,
      2.1283760365615905,
      5.1903264853216085,
      4.930405675491072,
      2.932585301974386,
      0.24751157128133683,
      5.012071442145472,
      4.071644460450761,
      3.332622433575194,
      0.34074950482927546,
      0.5563688759238462,
      0.5663079326418514,
      2.8164100448651728,
      5.359449709355235,
      5.202479112513789,
      1.6528010534721247,
      2.819463299597658,
      0.8053154420584335,
      0.18969212065755933,
      4.29016645895462,
      3.6489290136652732,
      1.3735889536079022,
      0.4827027902048223
    ],
    "n-qubit": 6,
    "extra": {
      "seed": 1
    }
  }
}