{
  "name": "CompositeSampler",
  "svd-circuit": {
    "directions": [
      0,
      1,
      1,
      0,
      0,
      1,
      0,
      1,
      0,
      0,
      0,
      2,
      1,
      1,
      2,
      1,
      2,
      0,
      1,
      0,
      2,
      0,
      2,
      0,
      2,
      2,
      1,
      2,
      1,
      1,
      2,
      0,
      2,
      1,
      1,
      2,
      2,
      1,
      0,
      2,
      1,
      0,
      1,
      2,
      1,
      0,
      0,
      2,
      2,
      2,
      2,
      1,
      2,
      0,
      2,
      0,
      2,
      0,
      1,
      0
    ],
    "parameters": [
      0.8442354444173306,
      1.9952466539958948,
      6.2652345668735885,
      3.9277498292698327,
      0.6539649600015355,
      6.5216640794369765,
      2.7191556824922216,
      3.756041393261922,
      4.622451855640612,
      3.5479970138857437,
      5.689801074525461,
      0.46979923749858515,
      3.401794894179865,
      5.363942513662533,
      4.061655326758517,
      -0.38305033545553546,
      5.917346733214871,
      1.742923166135609,
      4.252764800771316,
      4.637596801169725,
      2.445304937158273,
      5.109526357506503,
      1.1844698371516866,
      5.68161376763184,
      4.669328177846215,
      4.777749740413342,
      6.130374969615754,
      2.442656826983615,
      -0.18334857709125896,
      4.509459303914192,
      5.316815186442071,
      1.5167900893086574,
      3.197852007852033,
      4.713301720421784,
      3.109655997659243,
      4.0183281573646745,
      4.874731722985192,
      1.53760900222601,
      4.186346186517088,
      5.035525516649966,
      4.737433581972937,
      3.075917098600629,
      2.94882541494197,
      4.964076701707243,
      5.245785406093817,
      2.3632992238555395,
      2.577118914796941,
      5.056849331621939,
      5.7810735693045245,
      2.003402333781014,
      2.1968618244974687,
      1.4424979026086266,
      2.767105636597249,
      6.103944384510003,
      2.410793063891828,
      4.701777291613381,
      3.2589519362414916,
      0.017870357683078743,
      2.604712799315191,
      3.671616867290761
    ],
    "extra": {
      "seed": 1
    },
    "n-a": 3,
    "n-b": 2,
    "n-qubit": 6
  },
  "data-circuit": {
    "directions": [
      1,
      1,
      1,
      1,
      1,
      1,
      1,
      1,
      1,
      1,
      1,
      1,
      1,
      1,
      1,
      1,
      1,
      1,
      1,
      1,
      1,
      1,
      1,
      1,
      1,
      1,
      1,
      1,
      1,
      1,
      1,
      1,
      1,
      1,
      1,
      1,
      1,
      1,
      1,
      1,
      1,
      1,
      1,
      1,
      1,
      1,
      1,
      1,
      1,
      1,
      1,
      1,
      1,
      1,
      1,
      1,
      1,
      1,
      1,
      1,
      1,
      1,
      1,
      1,
      1,
      1,
      1,
      1,
      1,
      1,
      1,
      1,
      1,
      1,
      1,
      1,
      1,
      1
    ],
    "data_parameters": [
      1.218545562238071,
      3.4308098724601948,
      0.8947466104530608,
      2.6777077920830217,
      4.088909946464418,
      0.12387004964567722,
      -0.427770999461259,
      7.532659262706225,
      2.5476608910749032,
      1.1289891237323162,
      6.589986831200194,
      2.799008357493735,
      6.3220644722136985,
      1.952345488880058,
      3.3305591889643686,
      2.0214978825346472,
      4.963726663669787,
      6.226068279126875,
      3.460086656321446,
      4.113356665593186,
      3.9465702737029624,
      -0.5949118356516748,
      4.254151615898256,
      4.0682066836459985,
      1.1502145583073031,
      -0.79186007508876,
      3.8340436183780024,
      2.5384549160749557,
      4.804048488056238,
      4.9381614611356355,
      4.705485749643581,
      4.413405290490298,
      2.402814641763259,
      4.55684976577866,
      2.867931908934994,
      6.181326112243172,
      0.082932814218398,
      1.8052958373328059,
      -0.07418176222074832,
      0.1578056737770348,
      0.06368109579593306,
      0.2081830217076791,
      -5.597834004830021,
      -6.073051088201797,
      -1.4978224977550787,
      -4.502611223095174,
      -3.34510715100043,
      -6.612534378425656,
      -2.449050681651769,
      -0.2753028384855375,
      -6.253731372862227,
      -2.7692774619930765,
      -4.6283309853786045,
      -5.92680100950728,
      -3.2012866090688297,
      -4.392625878968921,
      -4.283752156748957,
      -0.2962518453195224,
      -4.51262048425245,
      -5.253024027995209,
      -5.465154422208544,
      -3.5325174940959263,
      -4.417261397477943,
      -1.3377088051211292,
      -3.6007284218303126,
      -4.687256924143232,
      0.8987648127806452,
      -4.958781475320438,
      -1.7965537305357564,
      -2.2242772569186635,
      -6.002857922094574,
      -3.0447058384314074,
      -0.403206869263319,
      -4.150481773211602,
      -1.7916091563007523,
      -5.103225329348999,
      -3.44854520307469,
      -0.466671535622906
    ],
    "n-qubit": 6,
    "extra": {
      "seed": 1
    }
  }
}