{
  "name": "CompositeSampler",
  "svd-circuit": {
    "directions": [
      0,
      1,
      1,
      0,
      0,
      1,
      0,
      1,
      0,
      0,
      0,
      2,
      1,
      1,
      2,
      1,
      2,
      0,
      1,
      0,
      2,
      0,
      2,
      0,
      2,
      2,
      1,
      2,
      1,
      1,
      2,
      0,
      2,
      1,
      1,
      2,
      2,
      1,
      0,
      2,
      1,
      0,
      1,
      2,
      1,
      0,
      0,
      2,
      2,
      2,
      2,
      1,
      2,
      0,
      2,
      0,
      2,
      0,
      1,
      0
    ],
    "parameters": [
      0.8442354444173306,
      0.3842032238033136,
      5.627728528791209,
      3.2974760482795387,
      0.6433299982138424,
      5.306071284577544,
      2.7191556824922216,
      4.009963554302833,
      3.102772651075903,
      2.9177232328953058,
      5.051329892272636,
      -1.740855239236694,
      3.401794894179865,
      4.185893807522838,
      4.642937125967317,
      -0.962576727799285,
      5.791233423884674,
      0.8844662326087568,
      4.252764800771316,
      4.704067648276032,
      1.5497012267764319,
      6.258577246847357,
      1.0583565278217084,
      4.823156834104852,
      4.669328177846215,
      6.311495506957947,
      4.474503463918771,
      3.1003131499837746,
      -0.30743400659804254,
      3.876227565133,
      5.316815186442071,
      2.9076469135028358,
      4.684132826539241,
      4.720182020743663,
      4.14936937212215,
      3.142420062003437,
      4.874731722985192,
      4.341876975585279,
      4.2001284995527985,
      4.662440287652655,
      4.149315784198001,
      1.7748131847643003,
      2.94882541494197,
      3.8305109794614665,
      3.6124072488361714,
      3.9820226436641746,
      2.9045267836314883,
      4.145386354037051,
      5.7810735693045245,
      0.8698366115333883,
      1.4300751248859078,
      3.075183835066884,
      4.257013001128166,
      5.59810957200144,
      2.410793063891828,
      3.5630832242234796,
      3.258951779462598,
      0.27628689520430194,
      3.3928814878672284,
      3.1657820547823965
    ],
    "extra": {
      "seed": 1
    },
    "n-a": 3,
    "n-b": 2,
    "n-qubit": 6
  },
  "data-circuit": {
    "directions": [
      1,
      1,
      1,
      1,
      1,
      1,
      1,
      1,
      1,
      1,
      1,
      1,
      1,
      1,
      1,
      1,
      1,
      1,
      1,
      1,
      1,
      1,
      1,
      1,
      1,
      1,
      1,
      1,
      1,
      1,
      1,
      1,
      1,
      1,
      1,
      1,
      1,
      1,
      1,
      1,
      1,
      1,
      1,
      1,
      1,
      1,
      1,
      1,
      1,
      1,
      1,
      1,
      1,
      1,
      1,
      1,
      1,
      1,
      1,
      1,
      1,
      1,
      1,
      1,
      1,
      1,
      1,
      1,
      1,
      1,
      1,
      1
    ],
    "data_parameters": [
      6.312948840523432,
      4.12639191865486,
      2.1688174699962683,
      1.6336427194804182,
      2.769793428491286,
      3.213722402201197,
      3.9015138123599358,
      1.9054393322572125,
      3.5024837553005876,
      3.6262423005417603,
      5.875467283060205,
      3.261799653944188,
      1.4680791110712508,
      6.834974861614079,
      2.9711891918055398,
      2.456889608626399,
      5.90594645015002,
      6.960420366316594,
      4.4987497774091345,
      6.704757006598223,
      0.7897347335722744,
      4.274637689976412,
      6.00264943141663,
      4.249533448015271,
      3.0287832207403005,
      0.26177536065809054,
      2.705115368441836,
      4.805795113551888,
      6.106074611630472,
      5.659508602762443,
      2.584098625608154,
      5.9586702366890405,
      1.287336569007504,
      5.250639642647691,
      3.071846108475203,
      0.24748467887336256,
      5.162277860222676,
      2.5612213382876012,
      5.086803398526378,
      5.403444381239136,
      0.29624583849275676,
      2.212271833796001,
      5.335236286996914,
      0.986224890774855,
      2.6919853904483415,
      5.261330473241232,
      0.05887756516228799,
      3.8233913652476175,
      0.2223789516964086,
      6.484293684835733,
      4.444278423712942,
      2.807789803193391,
      0.8220299653988549,
      2.0746526216504444,
      3.7680876299485737,
      7.3540170168512144,
      -0.15089748739172953,
      2.406966430039928,
      5.150900586771313,
      3.8377800017786012,
      4.3874408142542745,
      2.9889197098392493,
      5.520272963235294,
      3.156917120126756,
      1.776689060997304,
      3.4052085299489185,
      4.500563799709157,
      2.1022308376415175,
      3.14897667595291,
      1.8362117712992652,
      0.1391005411340557,
      -0.1804363827999242
    ],
    "n-qubit": 6,
    "extra": {
      "seed": 1
    }
  }
}