{
  "name": "CompositeSampler",
  "svd-circuit": {
    "directions": [
      0,
      1,
      1,
      0,
      0,
      1,
      0,
      1,
      0,
      0,
      0,
      2,
      1,
      1,
      2,
      1,
      2,
      0,
      1,
      0,
      2,
      0,
      2,
      0,
      2,
      2,
      1,
      2,
      1,
      1,
      2,
      0,
      2,
      1,
      1,
      2,
      2,
      1,
      0,
      2,
      1,
      0,
      1,
      2,
      1,
      0,
      0,
      2,
      2,
      2,
      2,
      1,
      2,
      0,
      2,
      0,
      2,
      0,
      1,
      0
    ],
    "parameters": [
      0.8442354444173306,
      2.015198825688763,
      5.008899425145082,
      4.011292104231815,
      -0.3556398133957487,
      5.632891943838058,
      2.7191556824922216,
      5.1145215807976045,
      4.6203824021225595,
      3.6315392888475864,
      4.702210988222516,
      -0.6828738342241139,
      3.401794894179865,
      5.136643772457183,
      4.340332214845734,
      0.3358134140626713,
      6.231074728072945,
      1.5097398060210012,
      4.252764800771316,
      6.19938282934094,
      2.77189169523589,
      5.365118480698448,
      1.4981978320098848,
      5.448430407517937,
      4.669328177846215,
      6.282659254005135,
      4.7236759658459055,
      3.9954768546821575,
      0.23561298687052476,
      3.639224717015504,
      5.316815186442071,
      1.8684595175967955,
      3.0858348639058075,
      6.283753187243143,
      3.242133434489113,
      2.636082371361323,
      4.874731722985192,
      2.887783300108858,
      4.019476146626566,
      6.383701833805168,
      5.325815087429463,
      2.2775981080773477,
      2.94882541494197,
      2.945895017565227,
      3.180749471137175,
      3.5044801170011652,
      2.1810570550946324,
      2.889251754483846,
      5.7810735693045245,
      -0.014779350360564516,
      1.0176238670419355,
      1.4477342148730894,
      4.653364074767033,
      5.036381879204113,
      2.410793063891828,
      3.9352097365077223,
      3.258951555847741,
      0.6401099232896705,
      1.5440430666000555,
      2.6040543619851606
    ],
    "extra": {
      "seed": 1
    },
    "n-a": 3,
    "n-b": 2,
    "n-qubit": 6
  },
  "data-circuit": {
    "directions": [
      1,
      1,
      1,
      1,
      1,
      1,
      1,
      1,
      1,
      1,
      1,
      1,
      1,
      1,
      1,
      1,
      1,
      1,
      1,
      1,
      1,
      1,
      1,
      1,
      1,
      1,
      1,
      1,
      1,
      1,
      1,
      1,
      1,
      1,
      1,
      1,
      1,
      1,
      1,
      1,
      1,
      1,
      1,
      1,
      1,
      1,
      1,
      1,
      1,
      1,
      1,
      1,
      1,
      1,
      1,
      1,
      1,
      1,
      1,
      1,
      1,
      1,
      1,
      1,
      1,
      1,
      1,
      1,
      1,
      1,
      1,
      1,
      1,
      1,
      1,
      1,
      1,
      1
    ],
    "data_parameters": [
      0.19747500573504864,
      4.426560779269821,
      3.146205198774839,
      0.7266886360865232,
      0.5275382636569945,
      6.16619914707429,
      2.824758155553697,
      1.8824691037053103,
      3.75746670403672,
      5.793308392083815,
      1.9147014291088131,
      5.9327024926270795,
      2.1194907412694524,
      5.962056123521417,
      4.394663471255282,
      0.2782201516618407,
      5.727034092432026,
      1.1379245141343721,
      0.804448144648469,
      3.2204684686156746,
      5.844571502901154,
      -0.005838350383873549,
      5.574463370325147,
      4.481753979573378,
      4.503736772273088,
      2.3484540761321457,
      2.0984824181421176,
      1.3649491411747463,
      2.824280468999117,
      1.3897478465977426,
      -0.041895338904176065,
      2.6346707849875335,
      -0.08209254719796627,
      4.467280437360226,
      1.1377767605987044,
      1.7794519049604747,
      2.5679025331043186,
      4.8961219071711675,
      4.631120172060334,
      5.088511263010925,
      1.8122101426621544,
      4.437180892957591,
      5.820302782340835,
      3.5092921462790723,
      6.196806105903713,
      4.371439834099368,
      1.494905864175334,
      1.7204003016666538,
      5.034274465674456,
      1.1329515440001912,
      5.878750812465885,
      6.43280088734549,
      5.103768576550283,
      0.6820603690539238,
      0.8127275392956712,
      5.084468474533285,
      1.3048934502289153,
      2.2797401446000674,
      3.6278264317887734,
      4.439186860228408,
      2.6616512489337163,
      2.5074596655151846,
      3.7328024368009673,
      3.100054740970332,
      4.250662388067965,
      2.072128495622253,
      0.10045642283786775,
      0.5087221359416626,
      1.1832716458507004,
      3.7173103711492534,
      1.9964458299139736,
      1.4722950865955655,
      5.191205751436916,
      1.1033437905885966,
      5.273897636902512,
      3.4417756233821155,
      3.6654920751116364,
      6.146857361047093
    ],
    "n-qubit": 6,
    "extra": {
      "seed": 1
    }
  }
}