{
  "name": "CompositeSampler",
  "svd-circuit": {
    "directions": [
      0,
      1,
      2,
      1,
      0,
      2,
      1,
      2,
      2,
      2,
      2,
      0,
      1,
      1,
      1,
      2,
      0,
      0,
      0,
      2,
      2,
      0,
      1,
      2,
      1,
      1,
      1,
      1,
      1,
      0,
      1,
      1,
      1,
      1,
      2,
      2,
      2,
      1,
      0,
      2,
      1,
      2,
      2,
      2,
      1,
      0,
      1,
      2,
      1,
      0,
      0,
      2,
      2,
      0,
      0,
      0,
      0,
      2,
      0,
      0,
      0,
      0,
      2,
      1,
      0,
      2,
      1,
      0,
      0,
      2,
      2,
      1
    ],
    "parameters": [
      6.0069404902946655,
      1.152341776804582,
      5.345210556693007,
      4.314066211542823,
      1.9361433659690335,
      2.840674344846554,
      4.280396020118044,
      4.232465587509988,
      4.335134789770547,
      6.527352308566711,
      7.049840542271015,
      1.145838644681297,
      5.472861548918653,
      2.335458153323268,
      5.284779212138368,
      6.252877342096245,
      1.4438801585683498,
      0.9440394802297442,
      1.1103643873140343,
      0.7361224238035713,
      3.4065832962404654,
      4.256343934492577,
      5.212894459595049,
      4.837681706429609,
      3.3009701540327847,
      3.834324087110071,
      0.5817270890835065,
      1.5533331254609626,
      3.418184406523127,
      3.534394805176248,
      3.078848274082568,
      3.194552152648801,
      3.605604283008835,
      6.592825240348513,
      2.805044655031296,
      4.904069988251769,
      2.8685952631486797,
      1.136367884426496,
      4.426487629528586,
      6.4153090778519,
      2.5158122219823347,
      2.364123036128553,
      5.22175325118143,
      3.47796260753013,
      3.000285452816289,
      2.481081008659408,
      3.3320428640903685,
      4.675716752487999,
      5.542206396042146,
      4.584825407103095,
      4.92411183497682,
      0.5888568450435789,
      -0.6833857098658686,
      1.4068758918729247,
      4.739845144976694,
      4.240067509469595,
      5.218588617734618,
      3.1928689842007745,
      3.7852354584275725,
      2.2597578660137203,
      1.567665385906038,
      -0.9622491555657633,
      -0.8358409987303737,
      4.860690947522371,
      1.7660650973449346,
      4.033138465693549,
      4.344793900710481,
      2.9644100670150357,
      1.4905560480131055,
      0.026364789460312732,
      3.9443089881581637,
      1.3533409776814722
    ],
    "extra": {
      "seed": 2
    },
    "n-a": 3,
    "n-b": 2,
    "n-qubit": 6
  },
  "data-circuit": {
    "directions": [
      1,
      1,
      1,
      1,
      1,
      1,
      1,
      1,
      1,
      1,
      1,
      1,
      1,
      1,
      1,
      1,
      1,
      1,
      1,
      1,
      1,
      1,
      1,
      1,
      1,
      1,
      1,
      1,
      1,
      1,
      1,
      1,
      1,
      1,
      1,
      1,
      1,
      1,
      1,
      1,
      1,
      1,
      1,
      1,
      1,
      1,
      1,
      1,
      1,
      1,
      1,
      1,
      1,
      1,
      1,
      1,
      1,
      1,
      1,
      1,
      1,
      1,
      1,
      1,
      1,
      1,
      1,
      1,
      1,
      1,
      1,
      1,
      1,
      1,
      1,
      1,
      1,
      1
    ],
    "data_parameters": [
      0.6033147937298081,
      6.692297975203404,
      5.60001320347005,
      5.9739165783674295,
      5.646245449228029,
      5.623784557257885,
      0.319717637312477,
      3.6222955455393526,
      2.296485300902352,
      4.267276093348058,
      3.7487345163934727,
      2.3313645239519087,
      3.310106089827942,
      3.8801984252545543,
      5.143679395152811,
      7.10075473716706,
      2.5725604459121802,
      4.6759603174948765,
      6.160948595891592,
      1.7914179490389306,
      0.6731720965868421,
      2.897276556162696,
      5.445941562841187,
      2.735819700318289,
      0.7604492205646787,
      4.106764463458359,
      1.8893011729485965,
      5.796201378698453,
      2.2828794788855085,
      5.1422638419853754,
      1.7564440895061737,
      7.513256498569188,
      0.6706950120851958,
      5.224611589489719,
      3.46018645397451,
      1.6656933088260277,
      0.545101189430915,
      3.327666501042297,
      6.0918020739355265,
      5.525520715211852,
      5.541525049849673,
      2.7165258210567065,
      1.584573283897977,
      3.3344366784621378,
      4.988649447971486,
      2.620622175151259,
      6.28784941033629,
      0.540144566921273,
      1.1578711393871954,
      -0.029553894395601396,
      1.5532142792821282,
      0.45924789394082266,
      1.8220353697707365,
      2.721317767888425,
      6.85665977410147,
      2.7899792351938926,
      4.197637479501227,
      2.4482530538763934,
      0.7393681334516903,
      2.8009970469935115,
      5.7465591801267095,
      1.7892409505541844,
      3.956966211365137,
      0.7670482598590345,
      3.8314293234991093,
      2.448902840920409,
      1.2047590314578642,
      -0.4968644875464153,
      5.7200616110995535,
      3.4699660638896668,
      0.5269848900085271,
      6.786565216066615,
      1.010104595225425,
      0.4625259033682758,
      -0.5762413267808116,
      2.275324777710749,
      4.159485051397853,
      6.274521363075195
    ],
    "n-qubit": 6,
    "extra": {
      "seed": 2
    }
  }
}