{
  "name": "CompositeSampler",
  "svd-circuit": {
    "directions": [
      0,
      1,
      1,
      0,
      0,
      1,
      0,
      1,
      0,
      0,
      0,
      2,
      1,
      1,
      2,
      1,
      2,
      0,
      1,
      0,
      2,
      0,
      2,
      0,
      2,
      2,
      1,
      2,
      1,
      1,
      2,
      0,
      2,
      1,
      1,
      2,
      2,
      1,
      0,
      2,
      1,
      0,
      1,
      2,
      1,
      0,
      0,
      2,
      2,
      2,
      2,
      1,
      2,
      0,
      2,
      0,
      2,
      0,
      1,
      0
    ],
    "parameters": [
      0.8442354444173306,
      1.3322486382576786,
      6.333131716905556,
      4.040303108227801,
      2.5625457605154507,
      5.3914716209179945,
      2.7191556824922216,
      4.067427568400148,
      4.679173563773775,
      3.6605502928436033,
      4.63540699660289,
      -0.015977639814131625,
      3.401794894179865,
      4.290315234151526,
      5.484999325828956,
      0.7126430881876058,
      4.90309881337352,
      1.9636305696688514,
      4.252764800771316,
      6.0932298772815345,
      2.911372076367397,
      6.216450784583215,
      0.1702219173104479,
      5.90232117116489,
      4.669328177846215,
      6.481316795196145,
      6.298670646292702,
      3.075977846827864,
      -0.383031560162434,
      4.114109297487427,
      5.316815186442071,
      1.514275853649512,
      2.3262080408198194,
      4.62557879025927,
      4.503165922158008,
      2.9952358647941955,
      4.874731722985192,
      1.3119145184058023,
      5.019808019358835,
      5.439308721652539,
      3.852387772386401,
      3.3764591047311634,
      2.94882541494197,
      4.031861827582444,
      4.719389505141541,
      2.8752972409387234,
      2.0649637880085643,
      4.76196233433414,
      5.7810735693045245,
      1.0711874596568893,
      2.0378670997602093,
      0.6906420521025599,
      3.794295090797135,
      6.558880021689636,
      2.410793063891828,
      1.4414066119028004,
      3.258951658394183,
      2.6119965840336254,
      2.746455786680697,
      4.126552504470585
    ],
    "extra": {
      "seed": 1
    },
    "n-a": 3,
    "n-b": 2,
    "n-qubit": 6
  },
  "data-circuit": {
    "directions": [
      1,
      1,
      1,
      1,
      1,
      1,
      1,
      1,
      1,
      1,
      1,
      1,
      1,
      1,
      1,
      1,
      1,
      1,
      1,
      1,
      1,
      1,
      1,
      1,
      1,
      1,
      1,
      1,
      1,
      1,
      1,
      1,
      1,
      1,
      1,
      1,
      1,
      1,
      1,
      1,
      1,
      1,
      1,
      1,
      1,
      1,
      1,
      1,
      1,
      1,
      1,
      1,
      1,
      1,
      1,
      1,
      1,
      1,
      1,
      1,
      1,
      1,
      1,
      1,
      1,
      1,
      1,
      1,
      1,
      1,
      1,
      1
    ],
    "data_parameters": [
      0.7368633054447602,
      3.931645878031731,
      5.49877799501712,
      0.01316464697983982,
      5.730603163730955,
      3.4480391073013017,
      1.1292359688843894,
      4.358025153292111,
      3.294126841776553,
      2.205606692240173,
      1.3209053991879478,
      2.720296310186033,
      1.4617621415736826,
      3.4076749421044497,
      2.0392675426482887,
      4.978267164597794,
      3.1497765848507107,
      2.777024982343915,
      5.917036032326419,
      5.286355960069787,
      1.2422208013817657,
      3.206044518418386,
      1.6465224845335789,
      3.9536040896080635,
      0.8678902666486613,
      1.4677241251176882,
      3.5148115979915016,
      2.1082915294548443,
      1.4594210369611003,
      6.263513230535808,
      3.188045415503161,
      1.3686806941078486,
      0.4185446181447502,
      3.711696528124669,
      3.7508323632685534,
      5.737142226445876,
      0.42105210704833634,
      2.347248292857282,
      4.889284837552047,
      2.9702533497354002,
      1.2857967260346024,
      5.952331076007356,
      1.9251292150208454,
      4.176845143187283,
      3.1976862275253413,
      1.8811584950043116,
      5.9646053622624855,
      3.457722889290249,
      2.997580776522567,
      4.542441307982663,
      6.376288594565685,
      1.593058060463587,
      5.404395886430115,
      4.884664381805429,
      5.98043451183072,
      3.436191244853239,
      6.394628040984063,
      5.134498064388034,
      4.125300275056845,
      6.3880130015303545,
      -0.12364786442912791,
      2.7874615762388313,
      0.22241743765501426,
      2.881757286307849,
      5.382843166879744,
      5.072787666452082,
      2.816359916948466,
      4.387783055197729,
      2.151060834399073,
      1.9733015076209715,
      4.756146190457643,
      4.945159396673931
    ],
    "n-qubit": 6,
    "extra": {
      "seed": 1
    }
  }
}