{
  "name": "CompositeSampler",
  "svd-circuit": {
    "directions": [
      0,
      1,
      2,
      1,
      0,
      2,
      1,
      2,
      2,
      2,
      2,
      0,
      1,
      1,
      1,
      2,
      0,
      0,
      0,
      2,
      2,
      0,
      1,
      2,
      1,
      1,
      1,
      1,
      1,
      0,
      1,
      1,
      1,
      1,
      2,
      2,
      2,
      1,
      0,
      2,
      1,
      2,
      2,
      2,
      1,
      0,
      1,
      2,
      1,
      0,
      0,
      2,
      2,
      0,
      0,
      0,
      0,
      2,
      0,
      0,
      0,
      0,
      2,
      1,
      0,
      2,
      1,
      0,
      0,
      2,
      2,
      1
    ],
    "parameters": [
      6.0069404902946655,
      0.5048816615087068,
      4.623876105005888,
      6.0700666164477495,
      0.8864061424121084,
      3.4850987102330913,
      4.280396020118044,
      2.305515071736693,
      5.856288076083876,
      4.8221277088901475,
      4.090016175392585,
      1.4377003273866473,
      5.472861548918653,
      2.440525340288297,
      3.816985204474743,
      5.909804336167925,
      -0.5071693849335736,
      1.2359011629351022,
      1.1103643873140343,
      0.43321697260468683,
      2.7716730452234666,
      5.224345050081885,
      5.142160776363772,
      5.498093785019771,
      3.3009701540327847,
      5.39000184591754,
      -0.25043854830303214,
      0.8025368435763337,
      3.602108905381415,
      2.928159766446701,
      3.078848274082568,
      3.1075943221423357,
      2.9566877017125264,
      4.160108414113313,
      1.813572905775568,
      5.262253653845533,
      2.8685952631486797,
      0.41759216423672935,
      4.690882517075611,
      5.549092926806831,
      1.5525017077466687,
      2.549045869853655,
      5.22175325118143,
      3.033285305475057,
      4.94430585244588,
      2.0679790026627503,
      2.9284422606239726,
      6.081296867232352,
      5.542206396042146,
      4.872919927633654,
      5.890210928593954,
      0.1542671000779932,
      0.022778835595053334,
      1.2908412561985991,
      4.739845144976694,
      5.055163805397919,
      4.999144436114862,
      2.3053728473049535,
      5.2192685045391976,
      2.143723230339313,
      1.567665385906038,
      1.1450540082413603,
      -1.2739127584813652,
      5.3819388222341455,
      1.2029913646056472,
      5.542665639507382,
      4.344793900710481,
      2.760364465294114,
      1.0088929113452825,
      0.026364889819142204,
      3.9443090419002296,
      1.0323278504623163
    ],
    "extra": {
      "seed": 2
    },
    "n-a": 3,
    "n-b": 2,
    "n-qubit": 6
  },
  "data-circuit": {
    "directions": [
      1,
      1,
      1,
      1,
      1,
      1,
      1,
      1,
      1,
      1,
      1,
      1,
      1,
      1,
      1,
      1,
      1,
      1,
      1,
      1,
      1,
      1,
      1,
      1,
      1,
      1,
      1,
      1,
      1,
      1,
      1,
      1,
      1,
      1,
      1,
      1,
      1,
      1,
      1,
      1,
      1,
      1,
      1,
      1,
      1,
      1,
      1,
      1,
      1,
      1,
      1,
      1,
      1,
      1,
      1,
      1,
      1,
      1,
      1,
      1,
      1,
      1,
      1,
      1,
      1,
      1,
      1,
      1,
      1,
      1,
      1,
      1,
      1,
      1,
      1,
      1,
      1,
      1
    ],
    "data_parameters": [
      5.714326111059117,
      0.8453414690877868,
      3.9702484673703387,
      -0.0625331005267689,
      -1.8466435450825724,
      0.8747172574979172,
      3.5846925094494777,
      2.301437787178792,
      3.6786501517820946,
      5.388250803338569,
      4.7304513863845665,
      -0.19477217443387806,
      1.5361161895227582,
      0.6360672891553307,
      3.086615408633486,
      5.954435486178705,
      5.313359720153659,
      2.055994858591342,
      1.1829928383291441,
      3.8172979707100283,
      5.8360406520049395,
      3.8759596834207923,
      1.3520950427419915,
      1.9875275630708942,
      4.03350610087438,
      3.898296002434064,
      5.558376182983636,
      2.4718555035684675,
      2.2650238678213466,
      1.5244614511722394,
      2.6915326842044696,
      0.6847637031594797,
      2.363246628941652,
      1.0671430918590439,
      3.9749400044963967,
      3.0062161335471584,
      4.70669221454725,
      1.9583727827974993,
      2.114735957547103,
      6.1001023345181355,
      3.2301772756934386,
      1.1048087629971568,
      -1.3079202246937789,
      2.240771464585949,
      1.1160628036095346,
      1.4833655603633666,
      3.4412145012975017,
      5.333588095429718,
      7.7708651788066385,
      1.7631539029030534,
      4.658289884020258,
      3.1917956286124416,
      4.269971828512153,
      2.3107525128289166,
      5.4764672416670725,
      6.300576599800236,
      2.1283760365615905,
      5.1903264853216085,
      4.930405675491072,
      2.932585301974386,
      0.24751157128133683,
      5.012071442145472,
      4.071644460450761,
      3.332622433575194,
      0.34074950482927546,
      0.5563688759238462,
      0.5663079326418514,
      2.8164100448651728,
      5.359449709355235,
      5.202479112513789,
      1.6528010534721247,
      2.819463299597658,
      0.8053154420584335,
      0.18969212065755933,
      4.29016645895462,
      3.6489290136652732,
      1.3735889536079022,
      0.4827027902048223
    ],
    "n-qubit": 6,
    "extra": {
      "seed": 2
    }
  }
}