{
  "name": "CompositeSampler",
  "svd-circuit": {
    "directions": [
      0,
      1,
      1,
      0,
      0,
      1,
      0,
      1,
      0,
      0,
      0,
      2,
      1,
      1,
      2,
      1,
      2,
      0,
      1,
      0,
      2,
      0,
      2,
      0,
      2,
      2,
      1,
      2,
      1,
      1,
      2,
      0,
      2,
      1,
      1,
      2,
      2,
      1,
      0,
      2,
      1,
      0,
      1,
      2,
      1,
      0,
      0,
      2,
      2,
      2,
      2,
      1,
      2,
      0,
      2,
      0,
      2,
      0,
      1,
      0
    ],
    "parameters": [
      0.8442354444173306,
      1.7946578278309697,
      4.034085526999729,
      3.3193113548871915,
      1.1613095093250583,
      4.135895852102215,
      2.7191556824922216,
      4.808790627139543,
      3.1403852081742487,
      2.9395585395030346,
      4.825601364467451,
      1.9956692372766829,
      3.401794894179865,
      3.673723226454916,
      4.711530349783939,
      0.6299582744741489,
      5.841416056674534,
      2.079255348160508,
      4.252764800771316,
      5.8276798698351255,
      1.529340419507585,
      4.68966368813362,
      1.108539160611378,
      6.017945949656821,
      4.669328177846215,
      4.706133582778219,
      5.455055200473458,
      4.495336104083679,
      -1.1942476811198433,
      3.273959679968373,
      5.316815186442071,
      1.5602350264858271,
      3.1694610015350984,
      4.658031694855552,
      3.304987845029429,
      3.102258884401239,
      4.874731722985192,
      2.4624268891009993,
      4.289424812240814,
      6.24522376809885,
      4.36712589034743,
      2.715620734569866,
      2.94882541494197,
      3.9706933847778836,
      2.7438046003408028,
      2.0087466163981955,
      3.049163885379731,
      4.446642108306894,
      5.7810735693045245,
      1.0100190168518086,
      2.719486019520103,
      1.1357780040447643,
      5.314244566416244,
      5.605812385001331,
      2.410793063891828,
      1.1795124094328913,
      3.258951835614897,
      3.643014280967605,
      2.879871580929928,
      3.173484867782399
    ],
    "extra": {
      "seed": 1
    },
    "n-a": 3,
    "n-b": 2,
    "n-qubit": 6
  },
  "data-circuit": {
    "directions": [
      1,
      1,
      1,
      1,
      1,
      1,
      1,
      1,
      1,
      1,
      1,
      1,
      1,
      1,
      1,
      1,
      1,
      1,
      1,
      1,
      1,
      1,
      1,
      1,
      1,
      1,
      1,
      1,
      1,
      1,
      1,
      1,
      1,
      1,
      1,
      1,
      1,
      1,
      1,
      1,
      1,
      1,
      1,
      1,
      1,
      1,
      1,
      1,
      1,
      1,
      1,
      1,
      1,
      1,
      1,
      1,
      1,
      1,
      1,
      1,
      1,
      1,
      1,
      1,
      1,
      1,
      1,
      1,
      1,
      1,
      1,
      1
    ],
    "data_parameters": [
      3.7622118671353943,
      3.734685217284337,
      2.6158761900285454,
      3.845436047126309,
      3.090220914056263,
      3.1592081777042553,
      1.127291063211147,
      0.9174531358600508,
      3.397544711106068,
      0.2362890686889123,
      4.22507015769698,
      3.3319214446108867,
      2.267463066814375,
      4.886558756297595,
      2.2370818972269393,
      2.9602363768596787,
      4.992320546674534,
      3.2438850447282017,
      3.3078504770019217,
      -0.3422754950083825,
      3.3355518438944802,
      1.8662208238156044,
      1.216788300520973,
      4.206537074635712,
      2.2845965976879365,
      1.9878117960947146,
      2.9983104366221305,
      1.5765027610394722,
      1.7414134181473677,
      4.576800502169036,
      0.10008694104216595,
      5.66041859369362,
      4.621964095866512,
      4.4165854361317045,
      0.8431911955159166,
      3.8448126332467214,
      0.04451954601965713,
      3.572849173146024,
      2.9627373480362795,
      5.991869819706388,
      0.505345209347806,
      3.471904582184241,
      4.082908458512141,
      6.148385767306196,
      2.644218102768864,
      2.103392885842733,
      3.123244719925405,
      5.514992063159155,
      4.270814657437654,
      1.9773398569178195,
      4.2435789293524175,
      3.262612954678191,
      5.022145434956141,
      2.690870099828005,
      0.6065254841006376,
      0.8828189185855757,
      6.3566146911701695,
      0.07807118304729614,
      3.6937694293749557,
      4.803682030728961,
      2.641450541294113,
      5.377475386426939,
      3.256957413359156,
      6.16359203009155,
      5.604895746362974,
      0.10217205350274126,
      4.554583893688717,
      2.414181424763223,
      4.200137731511042,
      5.0239147248900755,
      3.8473700050823267,
      5.146768880091727
    ],
    "n-qubit": 6,
    "extra": {
      "seed": 1
    }
  }
}