{
  "name": "CompositeSampler",
  "svd-circuit": {
    "directions": [
      1,
      2,
      1,
      1,
      0,
      1,
      0,
      1,
      2,
      2,
      1,
      0,
      2,
      2,
      1,
      2,
      2,
      2,
      2,
      0,
      1,
      2,
      2,
      1,
      1,
      0,
      2,
      0,
      1,
      1,
      1,
      2,
      0,
      2,
      2,
      1,
      2,
      1,
      1,
      0,
      2,
      0,
      0,
      0,
      2,
      2,
      2,
      2
    ],
    "parameters": [
      5.305658970563565,
      0.0020657240783565705,
      0.42282233338863434,
      4.990548144078643,
      3.0601712953093907,
      2.811752738239555,
      0.8780486628429147,
      4.228355343264409,
      6.234855659340603,
      6.091616063489026,
      5.833772285483857,
      -0.13009019163850336,
      5.647567524490951,
      3.166603877845277,
      -0.8666210159483366,
      1.652570302701822,
      5.597367487802726,
      2.9522034913567246,
      1.6367214572880235,
      6.072816576020168,
      3.0865288446406405,
      3.073223461302006,
      3.7894109243794665,
      3.5331448881497334,
      1.5325372379185165,
      2.0585325764057947,
      -0.054731541873519196,
      0.27744949647248884,
      4.550853615318477,
      1.147205046285311,
      5.498335586290111,
      -1.6091530419495856,
      0.3552054517946929,
      4.755464405874073,
      1.2767551999280105,
      3.3962447284407986,
      2.795948511750474,
      3.7788801426952356,
      2.981834434661093,
      1.155280983920118,
      0.20717168281185971,
      -0.2032866598071298,
      0.5643831064909464,
      6.335344212555383,
      5.293333844045625,
      5.7998981292174685,
      4.294547078495781,
      3.2959955636044227
    ],
    "extra": {},
    "n-a": 3,
    "n-qubit": 6
  },
  "data-circuit": {
    "directions": [
      1,
      1,
      1,
      1,
      1,
      1,
      1,
      1,
      1,
      1,
      1,
      1,
      1,
      1,
      1,
      1,
      1,
      1,
      1,
      1,
      1,
      1,
      1,
      1,
      1,
      1,
      1,
      1,
      1,
      1,
      1,
      1,
      1,
      1,
      1,
      1,
      1,
      1,
      1,
      1,
      1,
      1,
      1,
      1,
      1,
      1,
      1,
      1,
      1,
      1,
      1,
      1,
      1,
      1,
      1,
      1,
      1,
      1,
      1,
      1,
      1,
      1,
      1,
      1,
      1,
      1,
      1,
      1,
      1,
      1,
      1,
      1
    ],
    "data_parameters": [
      0.7368633054447602,
      3.931645878031731,
      5.49877799501712,
      0.01316464697983982,
      5.730603163730955,
      3.4480391073013017,
      1.1292359688843894,
      4.358025153292111,
      3.294126841776553,
      2.205606692240173,
      1.3209053991879478,
      2.720296310186033,
      1.4617621415736826,
      3.4076749421044497,
      2.0392675426482887,
      4.978267164597794,
      3.1497765848507107,
      2.777024982343915,
      5.917036032326419,
      5.286355960069787,
      1.2422208013817657,
      3.206044518418386,
      1.6465224845335789,
      3.9536040896080635,
      0.8678902666486613,
      1.4677241251176882,
      3.5148115979915016,
      2.1082915294548443,
      1.4594210369611003,
      6.263513230535808,
      3.188045415503161,
      1.3686806941078486,
      0.4185446181447502,
      3.711696528124669,
      3.7508323632685534,
      5.737142226445876,
      0.42105210704833634,
      2.347248292857282,
      4.889284837552047,
      2.9702533497354002,
      1.2857967260346024,
      5.952331076007356,
      1.9251292150208454,
      4.176845143187283,
      3.1976862275253413,
      1.8811584950043116,
      5.9646053622624855,
      3.457722889290249,
      2.997580776522567,
      4.542441307982663,
      6.376288594565685,
      1.593058060463587,
      5.404395886430115,
      4.884664381805429,
      5.98043451183072,
      3.436191244853239,
      6.394628040984063,
      5.134498064388034,
      4.125300275056845,
      6.3880130015303545,
      -0.12364786442912791,
      2.7874615762388313,
      0.22241743765501426,
      2.881757286307849,
      5.382843166879744,
      5.072787666452082,
      2.816359916948466,
      4.387783055197729,
      2.151060834399073,
      1.9733015076209715,
      4.756146190457643,
      4.945159396673931
    ],
    "n-qubit": 6,
    "extra": {}
  }
}