{
  "name": "CompositeSampler",
  "svd-circuit": {
    "directions": [
      0,
      1,
      1,
      0,
      0,
      1,
      0,
      1,
      0,
      0,
      0,
      2,
      1,
      1,
      2,
      1,
      2,
      0,
      1,
      0,
      2,
      0,
      2,
      0,
      2,
      2,
      1,
      2,
      1,
      1,
      2,
      0,
      2,
      1,
      1,
      2,
      2,
      1,
      0,
      2,
      1,
      0,
      1,
      2,
      1,
      0,
      0,
      2,
      2,
      2,
      2,
      1,
      2,
      0,
      2,
      0,
      2,
      0,
      1,
      0
    ],
    "parameters": [
      0.8442354444173306,
      0.9687509274846454,
      4.164846621858784,
      3.337396438629058,
      -0.10815014140690764,
      6.390240860625029,
      2.7191556824922216,
      3.769400379713719,
      4.672147042111712,
      2.9576436232448806,
      7.645155903044335,
      -0.035891078170254255,
      3.401794894179865,
      2.269374499555112,
      4.309351420244748,
      1.5460611627337322,
      6.717239718639766,
      1.9835520859808435,
      4.252764800771316,
      5.99700592678475,
      2.3713635660499293,
      5.59207145296986,
      1.9843628225766605,
      5.922242687477258,
      4.669328177846215,
      5.184656683052462,
      6.205508941837234,
      1.655522020206413,
      -0.028422862342552077,
      2.855695212612911,
      5.316815186442071,
      1.6319062977747365,
      2.8143687372902173,
      4.788575772645636,
      3.9611478457289864,
      3.6623961231219333,
      4.874731722985192,
      1.835840997831036,
      4.083941259343538,
      3.6025733895219028,
      4.670277881334562,
      3.8085838283314826,
      2.94882541494197,
      3.570214219081227,
      4.656720059317812,
      4.352641408474884,
      2.236769777863505,
      4.654571803373714,
      5.7810735693045245,
      0.6095398511562545,
      0.2627831087097347,
      0.19709136673246216,
      2.644971201469961,
      6.662438377429213,
      2.410793063891828,
      1.9271938974142688,
      3.2589515738133805,
      0.7309862776148158,
      2.3666506495031046,
      4.230110860210133
    ],
    "extra": {
      "seed": 1
    },
    "n-a": 3,
    "n-b": 2,
    "n-qubit": 6
  },
  "data-circuit": {
    "directions": [
      1,
      1,
      1,
      1,
      1,
      1,
      1,
      1,
      1,
      1,
      1,
      1,
      1,
      1,
      1,
      1,
      1,
      1,
      1,
      1,
      1,
      1,
      1,
      1,
      1,
      1,
      1,
      1,
      1,
      1,
      1,
      1,
      1,
      1,
      1,
      1,
      1,
      1,
      1,
      1,
      1,
      1,
      1,
      1,
      1,
      1,
      1,
      1,
      1,
      1,
      1,
      1,
      1,
      1,
      1,
      1,
      1,
      1,
      1,
      1,
      1,
      1,
      1,
      1,
      1,
      1,
      1,
      1,
      1,
      1,
      1,
      1,
      1,
      1,
      1,
      1,
      1,
      1
    ],
    "data_parameters": [
      0.7306739844461391,
      2.405794087497555,
      1.0231616149336942,
      3.8759901597444735,
      4.773940957503129,
      3.5384404457670526,
      3.2651763178085713,
      4.806705723027738,
      4.711108319299464,
      3.0472658171415623,
      1.8784582658900228,
      1.2530230804408653,
      0.18523547149567357,
      0.22993635496702938,
      2.8007684065632037,
      3.4622884572437056,
      3.1145494914087086,
      5.212132054441803,
      4.986804782104459,
      5.745336141923455,
      6.131562303047208,
      4.677591098463048,
      0.536479057024123,
      3.578391882095568,
      5.480657828235156,
      0.9440696670946277,
      4.573186524904759,
      4.017573803650334,
      0.7680220315878111,
      0.8902383556610737,
      2.5886333444186342,
      1.4710420336935193,
      4.460264225548131,
      -0.42661132746757396,
      4.160068571192913,
      2.4275621007176755,
      5.349284958157743,
      3.5248065285053927,
      4.666977881252845,
      4.649772165923032,
      3.3562902634151524,
      1.6436834004670342,
      0.1859300911987431,
      4.17075893736016,
      3.9200644484951574,
      1.5255513284941709,
      3.7694813858579734,
      3.477222339994719,
      0.41349516317916196,
      4.186028010517238,
      0.9939719485318866,
      -0.18362770460415243,
      6.289866969558609,
      2.1371448026472373,
      0.8064505833250238,
      4.944936194026754,
      0.2715905305449788,
      1.1829715781651173,
      0.9885614035629133,
      4.080429872188986,
      4.045519931730924,
      0.4688593593179717,
      0.06481248631246854,
      5.152554625046916,
      0.34004291488928523,
      2.468318536014681,
      0.1426138811281613,
      2.8455473815799004,
      1.4253063126038112,
      0.5754396715327841,
      5.876532915224516,
      2.696863394104105,
      0.6250165748287677,
      1.4868077470818086,
      4.432923199742428,
      3.0565599718476446,
      5.922495191836055,
      0.2696846757127528
    ],
    "n-qubit": 6,
    "extra": {
      "seed": 1
    }
  }
}