{
  "name": "CompositeSampler",
  "svd-circuit": {
    "directions": [
      0,
      1,
      1,
      0,
      0,
      1,
      0,
      1,
      0,
      0,
      0,
      2,
      1,
      1,
      2,
      1,
      2,
      0,
      1,
      0,
      2,
      0,
      2,
      0,
      2,
      2,
      1,
      2,
      1,
      1,
      2,
      0,
      2,
      1,
      1,
      2,
      2,
      1,
      0,
      2,
      1,
      0,
      1,
      2,
      1,
      0,
      0,
      2,
      2,
      2,
      2,
      1,
      2,
      0,
      2,
      0,
      2,
      0,
      1,
      0
    ],
    "parameters": [
      0.8442354444173306,
      1.06924229624487,
      4.243534444488551,
      3.9558940965685556,
      0.9880558396932884,
      6.084900664978231,
      2.7191556824922216,
      5.404873300590712,
      4.749112270520976,
      3.5761412811844093,
      5.384458225724941,
      -1.7668224395485674,
      3.401794894179865,
      4.078824427001678,
      4.0724308763825725,
      1.725957672787087,
      5.902667509684889,
      1.2876540876943543,
      4.252764800771316,
      7.432779097510843,
      2.9961216963400026,
      6.2310075523565525,
      1.1697906136220422,
      5.226344689190604,
      4.669328177846215,
      5.593946610391786,
      4.945109287551421,
      3.8414319730077184,
      -0.08908868797190085,
      3.9601590514835956,
      5.316815186442071,
      2.038408573430913,
      2.5393478195327286,
      4.268753962701866,
      4.313570855351072,
      2.440354476368994,
      4.874731722985192,
      1.4825736667531326,
      4.4268963614642125,
      5.199469318040764,
      5.037525130986478,
      3.681947080059108,
      2.94882541494197,
      4.4667363171952745,
      2.8754034145431637,
      3.096539542559595,
      2.59901119423621,
      4.973422556668661,
      5.7810735693045245,
      1.5060619492685614,
      0.1836549242966308,
      1.5985013791528229,
      2.6814485158030745,
      6.294041980125797,
      2.410793063891828,
      2.306265022616851,
      3.258951664850263,
      0.8376334636321819,
      2.5445509400980257,
      3.8617144629070577
    ],
    "extra": {
      "seed": 1
    },
    "n-a": 3,
    "n-b": 2,
    "n-qubit": 6
  },
  "data-circuit": {
    "directions": [
      1,
      1,
      1,
      1,
      1,
      1,
      1,
      1,
      1,
      1,
      1,
      1,
      1,
      1,
      1,
      1,
      1,
      1,
      1,
      1,
      1,
      1,
      1,
      1,
      1,
      1,
      1,
      1,
      1,
      1,
      1,
      1,
      1,
      1,
      1,
      1,
      1,
      1,
      1,
      1,
      1,
      1,
      1,
      1,
      1,
      1,
      1,
      1,
      1,
      1,
      1,
      1,
      1,
      1,
      1,
      1,
      1,
      1,
      1,
      1,
      1,
      1,
      1,
      1,
      1,
      1,
      1,
      1,
      1,
      1,
      1,
      1
    ],
    "data_parameters": [
      0.9042007803047173,
      5.773436285593086,
      4.896123711308681,
      1.078671706056141,
      2.829565350803241,
      2.6486097162430124,
      4.178086847545921,
      4.491363892124298,
      0.8239904905036836,
      0.12058246197707288,
      5.2931179857539545,
      3.1182228473633784,
      4.576782569919519,
      -0.3085298239942943,
      3.049364058447467,
      4.771185063365108,
      1.0615017009384609,
      6.065488821471285,
      5.7902773125166584,
      0.5170287926359627,
      0.33595764235100584,
      3.279083178332498,
      6.470289726026716,
      2.4800435441958584,
      1.2954525965666228,
      3.0580073556711884,
      0.4514372808989615,
      1.4152668688657237,
      2.987930001826806,
      2.7834254980291866,
      1.4397122028220675,
      1.2673565711042187,
      1.4424904067427113,
      2.828289446271922,
      1.2990268139764256,
      0.047494574451289656,
      5.394283753241796,
      3.1820505618541453,
      4.050572280062091,
      1.4764983947063095,
      6.113058904126114,
      4.983921423043143,
      1.2080209048123438,
      2.1922884485451792,
      4.123172211900448,
      4.2847542776326675,
      5.700844317394119,
      2.5901732834118887,
      5.353173041373466,
      3.9866923728104933,
      2.072890520706218,
      3.764483576346587,
      5.383152087813251,
      5.12741732223388,
      2.9436924018627613,
      3.77266394839173,
      0.5178341144146297,
      1.5657157717245085,
      4.537637812198639,
      2.724806982385469,
      0.9578413024065301,
      3.4230886135323555,
      4.700513169335642,
      3.949242627901391,
      2.000960516428215,
      3.0086802633166063,
      2.9214920769032133,
      4.556682990516921,
      3.1054971013378214,
      2.7068658910608323,
      3.4165792187630983,
      -0.011399985483598881
    ],
    "n-qubit": 6,
    "extra": {
      "seed": 1
    }
  }
}