{
  "name": "CompositeSampler",
  "svd-circuit": {
    "directions": [
      0,
      1,
      1,
      0,
      0,
      1,
      0,
      1,
      0,
      0,
      0,
      2,
      1,
      1,
      2,
      1,
      2,
      0,
      1,
      0,
      2,
      0,
      2,
      0,
      2,
      2,
      1,
      2,
      1,
      1,
      2,
      0,
      2,
      1,
      1,
      2,
      2,
      1,
      0,
      2,
      1,
      0,
      1,
      2,
      1,
      0,
      0,
      2,
      2,
      2,
      2,
      1,
      2,
      0,
      2,
      0,
      2,
      0,
      1,
      0
    ],
    "parameters": [
      0.8442354444173306,
      1.8902170155089502,
      4.678135477629103,
      5.051276161704732,
      1.5747163686773233,
      5.251524190790582,
      2.7191556824922216,
      4.976325077251028,
      3.193437155397043,
      4.6715233463211465,
      5.954566863926975,
      0.046462403776029594,
      3.401794894179865,
      4.2569584878709525,
      3.077700330628167,
      1.359297120482224,
      5.760269504734448,
      1.1897187468710828,
      4.252764800771316,
      6.342842355473088,
      2.6993857754499055,
      6.2528262603456755,
      1.0273926086711163,
      5.128409348367439,
      4.669328177846215,
      6.039837782889766,
      5.62077155386302,
      1.7234535705736114,
      -0.04239580125167616,
      3.308377872664901,
      5.316815186442071,
      0.3709421836947384,
      2.597740560638598,
      4.222287430257521,
      3.5088711039280334,
      2.7676560078239745,
      4.874731722985192,
      1.9006531169286391,
      4.552150133024401,
      4.699635753532113,
      4.571310139841305,
      3.083451022279967,
      2.94882541494197,
      3.5890506049996485,
      3.1158896143292405,
      3.3815705570357486,
      2.473379509351779,
      5.021843008938702,
      5.7810735693045245,
      0.6283762370737448,
      0.9653119188644964,
      1.7852084158469126,
      1.7967556757492267,
      6.318885148148028,
      2.410793063891828,
      4.455997633396836,
      3.2589516885807153,
      1.0388637527863132,
      2.222518605290319,
      3.886557630928999
    ],
    "extra": {
      "seed": 1
    },
    "n-a": 3,
    "n-b": 2,
    "n-qubit": 6
  },
  "data-circuit": {
    "directions": [
      1,
      1,
      1,
      1,
      1,
      1,
      1,
      1,
      1,
      1,
      1,
      1,
      1,
      1,
      1,
      1,
      1,
      1,
      1,
      1,
      1,
      1,
      1,
      1,
      1,
      1,
      1,
      1,
      1,
      1,
      1,
      1,
      1,
      1,
      1,
      1,
      1,
      1,
      1,
      1,
      1,
      1,
      1,
      1,
      1,
      1,
      1,
      1,
      1,
      1,
      1,
      1,
      1,
      1,
      1,
      1,
      1,
      1,
      1,
      1,
      1,
      1,
      1,
      1,
      1,
      1,
      1,
      1,
      1,
      1,
      1,
      1
    ],
    "data_parameters": [
      1.7524580960445963,
      0.557457457403708,
      1.6957006994106971,
      4.936498848522406,
      1.6103446891639606,
      4.7340310015422515,
      1.8149430325335902,
      3.1096251893704085,
      4.632917143327801,
      0.4689071134370317,
      4.928591679879668,
      3.8003500175744587,
      1.4919527462700422,
      1.3795541585467739,
      3.3205661885449302,
      5.116988507243851,
      5.511349942958891,
      0.17880506860072556,
      2.160178805188393,
      5.952668121253901,
      1.8498100564530542,
      4.375566413758584,
      4.2831589724283,
      4.645820301492653,
      3.698994104996885,
      0.1864744128735136,
      6.141318260739653,
      4.840366541199919,
      5.045777061565966,
      4.0030186965171595,
      5.478127486599978,
      3.277644467710378,
      0.9045301902581052,
      1.9354341628130398,
      1.3706005249114155,
      5.81268201063388,
      1.2726070311756799,
      -0.10708036476199059,
      5.525020662647046,
      5.186896843586938,
      3.867052046638822,
      3.0306178396482344,
      1.6956531997446052,
      3.3331154690158087,
      4.566002769256421,
      4.93030318870101,
      0.48470982174821375,
      3.3958417135614423,
      -0.3345328712881762,
      6.181864215513325,
      5.432114919636485,
      0.6707630091533617,
      5.976153847276278,
      1.5320642490567296,
      3.891809376835741,
      2.255022660963414,
      0.22957836369994297,
      4.215006593632528,
      4.8783882701361385,
      0.8818784345848827,
      6.072303728068224,
      2.94612481622203,
      -0.21112410098564977,
      0.6608296943978614,
      0.3184870356106858,
      6.121060603606935,
      2.3079380915889756,
      1.0040923972227092,
      0.6200105333496227,
      3.572692351882168,
      1.5884228291462614,
      2.4709434113759134
    ],
    "n-qubit": 6,
    "extra": {
      "seed": 1
    }
  }
}