{
  "name": "CompositeSampler",
  "svd-circuit": {
    "directions": [
      2,
      2,
      2,
      0,
      1,
      0,
      2,
      2,
      2,
      0,
      2,
      0,
      0,
      2,
      0,
      1,
      2,
      1,
      1,
      2,
      0,
      0,
      1,
      2,
      2,
      1,
      1,
      2,
      2,
      1,
      0,
      2,
      0,
      1,
      2,
      2,
      2,
      2,
      0,
      2,
      0,
      0,
      0,
      1,
      0,
      2,
      1,
      1,
      1,
      0,
      0,
      2,
      0,
      1,
      0,
      1,
      0,
      1,
      2,
      2,
      0,
      2,
      2,
      0,
      1,
      2,
      1,
      1,
      1,
      2,
      0,
      2
    ],
    "parameters": [
      1.495175848572241,
      0.9616826214962182,
      3.1093691904573255,
      -0.14457549274414178,
      5.100066493812655,
      1.0872302044612105,
      1.2047637369615805,
      3.0969647863806076,
      3.1314403344684227,
      4.853656002498795,
      3.5134653977611707,
      1.9077055476856541,
      4.218602717113993,
      1.1437513848925216,
      -0.06990401478060791,
      4.67853748926225,
      2.494888365402785,
      6.012475277829471,
      4.487007878849653,
      2.6238402823040152,
      3.2346249426255023,
      5.41266205965897,
      0.9945666214618863,
      0.49247878370568715,
      2.740485831945486,
      4.431250301753011,
      3.531848902813688,
      3.1321236052196646,
      3.3869219750953072,
      2.0854858874359206,
      4.285020140663764,
      5.538875731296826,
      4.036902501877541,
      4.653298664955201,
      5.771760501188318,
      3.8377639182040615,
      4.118698259477635,
      5.383099004279932,
      2.341137621358095,
      -1.1640152611525234,
      5.820003643691356,
      2.491806083632945,
      2.5790077227378987,
      0.5930112158139075,
      4.252218620586919,
      0.6581275293672582,
      4.797344844581407,
      3.898373062754334,
      3.461101680733974,
      2.827611068969605,
      -0.37327182687951893,
      0.17126082614592725,
      -0.04192572157933377,
      6.0605021319147365,
      3.835678057544594,
      3.6817680758922653,
      1.541374033895992,
      4.927978014684487,
      1.0135210776726664,
      2.368351358977895,
      4.2786659568539305,
      4.77401110924513,
      3.0535504325672322,
      4.61268378027069,
      6.520883470081883,
      6.031638590838064,
      1.903762031288652,
      -0.3742738704907332,
      6.197949122873671,
      0.1259960023576509,
      3.9375702313423933,
      0.37749701349710707
    ],
    "extra": {
      "seed": 3
    },
    "n-a": 3,
    "n-b": 2,
    "n-qubit": 6
  },
  "data-circuit": {
    "directions": [
      1,
      1,
      1,
      1,
      1,
      1,
      1,
      1,
      1,
      1,
      1,
      1,
      1,
      1,
      1,
      1,
      1,
      1,
      1,
      1,
      1,
      1,
      1,
      1,
      1,
      1,
      1,
      1,
      1,
      1,
      1,
      1,
      1,
      1,
      1,
      1,
      1,
      1,
      1,
      1,
      1,
      1,
      1,
      1,
      1,
      1,
      1,
      1,
      1,
      1,
      1,
      1,
      1,
      1,
      1,
      1,
      1,
      1,
      1,
      1,
      1,
      1,
      1,
      1,
      1,
      1,
      1,
      1,
      1,
      1,
      1,
      1
    ],
    "data_parameters": [
      6.312948840523432,
      4.12639191865486,
      2.1688174699962683,
      1.6336427194804182,
      2.769793428491286,
      3.213722402201197,
      3.9015138123599358,
      1.9054393322572125,
      3.5024837553005876,
      3.6262423005417603,
      5.875467283060205,
      3.261799653944188,
      1.4680791110712508,
      6.834974861614079,
      2.9711891918055398,
      2.456889608626399,
      5.90594645015002,
      6.960420366316594,
      4.4987497774091345,
      6.704757006598223,
      0.7897347335722744,
      4.274637689976412,
      6.00264943141663,
      4.249533448015271,
      3.0287832207403005,
      0.26177536065809054,
      2.705115368441836,
      4.805795113551888,
      6.106074611630472,
      5.659508602762443,
      2.584098625608154,
      5.9586702366890405,
      1.287336569007504,
      5.250639642647691,
      3.071846108475203,
      0.24748467887336256,
      5.162277860222676,
      2.5612213382876012,
      5.086803398526378,
      5.403444381239136,
      0.29624583849275676,
      2.212271833796001,
      5.335236286996914,
      0.986224890774855,
      2.6919853904483415,
      5.261330473241232,
      0.05887756516228799,
      3.8233913652476175,
      0.2223789516964086,
      6.484293684835733,
      4.444278423712942,
      2.807789803193391,
      0.8220299653988549,
      2.0746526216504444,
      3.7680876299485737,
      7.3540170168512144,
      -0.15089748739172953,
      2.406966430039928,
      5.150900586771313,
      3.8377800017786012,
      4.3874408142542745,
      2.9889197098392493,
      5.520272963235294,
      3.156917120126756,
      1.776689060997304,
      3.4052085299489185,
      4.500563799709157,
      2.1022308376415175,
      3.14897667595291,
      1.8362117712992652,
      0.1391005411340557,
      -0.1804363827999242
    ],
    "n-qubit": 6,
    "extra": {
      "seed": 3
    }
  }
}