{
  "name": "CompositeSampler",
  "svd-circuit": {
    "directions": [
      0,
      1,
      2,
      1,
      0,
      2,
      1,
      2,
      2,
      2,
      2,
      0,
      1,
      1,
      1,
      2,
      0,
      0,
      0,
      2,
      2,
      0,
      1,
      2,
      1,
      1,
      1,
      1,
      1,
      0,
      1,
      1,
      1,
      1,
      2,
      2,
      2,
      1,
      0,
      2,
      1,
      2,
      2,
      2,
      1,
      0,
      1,
      2,
      1,
      0,
      0,
      2,
      2,
      0,
      0,
      0,
      0,
      2,
      0,
      0,
      0,
      0,
      2,
      1,
      0,
      2,
      1,
      0,
      0,
      2,
      2,
      1
    ],
    "parameters": [
      6.0069404902946655,
      0.8575875351866632,
      5.076863674367341,
      5.575432762613996,
      0.65934290302788,
      3.6111292329248394,
      4.280396020118044,
      2.7109550753111655,
      5.2919529811743375,
      6.189768662015732,
      5.270510251725628,
      1.6304849517716289,
      5.472861548918653,
      3.4629280108736356,
      6.19263369237712,
      5.961788502809678,
      -0.2255760716170513,
      1.4286857873199652,
      1.1103643873140343,
      -0.6752377524054715,
      0.22700188156493745,
      3.510772687194278,
      4.923505084446572,
      4.5000333947182565,
      3.3009701540327847,
      4.673088212389383,
      2.4587143642351177,
      0.05403258402669998,
      2.7472126563123385,
      4.130378707153844,
      3.078848274082568,
      3.277859522369065,
      3.9254102360547622,
      5.058989333825158,
      1.115930970755243,
      5.672534645484049,
      2.8685952631486797,
      1.782754230070887,
      5.512996931657296,
      5.339622184746309,
      0.6819875576332736,
      1.0944962246551493,
      5.22175325118143,
      3.008302236262613,
      4.318483700275539,
      2.5096662476609315,
      2.4768227428955902,
      5.802606890068006,
      5.542206396042146,
      3.631730985279268,
      5.254270653179832,
      0.3214720852548648,
      -1.1189795656492265,
      1.5309544525017644,
      4.739845144976694,
      5.4072924161154114,
      3.6871351799480867,
      3.990392895840107,
      4.56921930393833,
      2.3838364266425915,
      1.567665385906038,
      -0.31938446127722203,
      1.3583386652203149,
      7.575874997318731,
      0.4734374887582997,
      4.805559202663866,
      4.344793900710481,
      3.7748243580074448,
      1.0759489789637458,
      0.026365024826311905,
      3.944309090836432,
      1.0415668730943166
    ],
    "extra": {
      "seed": 2
    },
    "n-a": 3,
    "n-b": 2,
    "n-qubit": 6
  },
  "data-circuit": {
    "directions": [
      1,
      1,
      1,
      1,
      1,
      1,
      1,
      1,
      1,
      1,
      1,
      1,
      1,
      1,
      1,
      1,
      1,
      1,
      1,
      1,
      1,
      1,
      1,
      1,
      1,
      1,
      1,
      1,
      1,
      1,
      1,
      1,
      1,
      1,
      1,
      1,
      1,
      1,
      1,
      1,
      1,
      1,
      1,
      1,
      1,
      1,
      1,
      1,
      1,
      1,
      1,
      1,
      1,
      1,
      1,
      1,
      1,
      1,
      1,
      1,
      1,
      1,
      1,
      1,
      1,
      1,
      1,
      1,
      1,
      1,
      1,
      1,
      1,
      1,
      1,
      1,
      1,
      1
    ],
    "data_parameters": [
      0.7306739844461391,
      2.405794087497555,
      1.0231616149336942,
      3.8759901597444735,
      4.773940957503129,
      3.5384404457670526,
      3.2651763178085713,
      4.806705723027738,
      4.711108319299464,
      3.0472658171415623,
      1.8784582658900228,
      1.2530230804408653,
      0.18523547149567357,
      0.22993635496702938,
      2.8007684065632037,
      3.4622884572437056,
      3.1145494914087086,
      5.212132054441803,
      4.986804782104459,
      5.745336141923455,
      6.131562303047208,
      4.677591098463048,
      0.536479057024123,
      3.578391882095568,
      5.480657828235156,
      0.9440696670946277,
      4.573186524904759,
      4.017573803650334,
      0.7680220315878111,
      0.8902383556610737,
      2.5886333444186342,
      1.4710420336935193,
      4.460264225548131,
      -0.42661132746757396,
      4.160068571192913,
      2.4275621007176755,
      5.349284958157743,
      3.5248065285053927,
      4.666977881252845,
      4.649772165923032,
      3.3562902634151524,
      1.6436834004670342,
      0.1859300911987431,
      4.17075893736016,
      3.9200644484951574,
      1.5255513284941709,
      3.7694813858579734,
      3.477222339994719,
      0.41349516317916196,
      4.186028010517238,
      0.9939719485318866,
      -0.18362770460415243,
      6.289866969558609,
      2.1371448026472373,
      0.8064505833250238,
      4.944936194026754,
      0.2715905305449788,
      1.1829715781651173,
      0.9885614035629133,
      4.080429872188986,
      4.045519931730924,
      0.4688593593179717,
      0.06481248631246854,
      5.152554625046916,
      0.34004291488928523,
      2.468318536014681,
      0.1426138811281613,
      2.8455473815799004,
      1.4253063126038112,
      0.5754396715327841,
      5.876532915224516,
      2.696863394104105,
      0.6250165748287677,
      1.4868077470818086,
      4.432923199742428,
      3.0565599718476446,
      5.922495191836055,
      0.2696846757127528
    ],
    "n-qubit": 6,
    "extra": {
      "seed": 2
    }
  }
}